NTAName,avg,NTA2020,date
Greenpoint,4.935864247738522,BK0101,2024-12-28 19:18:22.462790
Williamsburg,9.238018089807019,BK0102,2024-12-28 19:18:22.462790
South Williamsburg,10.052980852201992,BK0103,2024-12-28 19:18:22.462790
East Williamsburg,6.744250167050691,BK0104,2024-12-28 19:18:22.462790
Brooklyn Heights,9.844433191964285,BK0201,2024-12-28 19:18:22.462790
Downtown Brooklyn-DUMBO-Boerum Hill,9.718089724625617,BK0202,2024-12-28 19:18:22.462790
Fort Greene,7.813019904423681,BK0203,2024-12-28 19:18:22.462790
Clinton Hill,5.9230054971590915,BK0204,2024-12-28 19:18:22.462790
Brooklyn Navy Yard,6.425935416666667,BK0261,2024-12-28 19:18:22.462790
Bedford-Stuyvesant (West),5.533721153655803,BK0301,2024-12-28 19:18:22.462790
Bedford-Stuyvesant (East),7.142083798941396,BK0302,2024-12-28 19:18:22.462790
Bushwick (West),5.837229233178314,BK0401,2024-12-28 19:18:22.462790
Bushwick (East),4.941875753622186,BK0402,2024-12-28 19:18:22.462790
The Evergreens Cemetery,,BK0471,2024-12-28 19:18:22.462790
Cypress Hills,8.390121925010337,BK0501,2024-12-28 19:18:22.462790
East New York (North),6.788627708447364,BK0502,2024-12-28 19:18:22.462790
East New York-New Lots,8.398573940076913,BK0503,2024-12-28 19:18:22.462790
Spring Creek-Starrett City,8.060288572700447,BK0504,2024-12-28 19:18:22.462790
East New York-City Line,4.715893095059041,BK0505,2024-12-28 19:18:22.462790
Highland Park-Cypress Hills Cemeteries (South),21.410938076923077,BK0571,2024-12-28 19:18:22.462790
Carroll Gardens-Cobble Hill-Gowanus-Red Hook,10.078765881953382,BK0601,2024-12-28 19:18:22.462790
Park Slope,5.847277155903457,BK0602,2024-12-28 19:18:22.462790
Windsor Terrace-South Slope,5.51301826318743,BK0701,2024-12-28 19:18:22.462790
Sunset Park (West),11.260341328197946,BK0702,2024-12-28 19:18:22.462790
Sunset Park (Central),7.114732382154883,BK0703,2024-12-28 19:18:22.462790
Green-Wood Cemetery,4.771858412698413,BK0771,2024-12-28 19:18:22.462790
Prospect Heights,5.791513265554637,BK0801,2024-12-28 19:18:22.462790
Crown Heights (North),6.540998578257409,BK0802,2024-12-28 19:18:22.462790
Lincoln Terrace Park,4.795788333333332,BK0891,2024-12-28 19:18:22.462790
Crown Heights (South),5.01926839266582,BK0901,2024-12-28 19:18:22.462790
Prospect Lefferts Gardens-Wingate,6.58128762312393,BK0902,2024-12-28 19:18:22.462790
Bay Ridge,7.315406522031074,BK1001,2024-12-28 19:18:22.462790
Dyker Heights,5.177157342947958,BK1002,2024-12-28 19:18:22.462790
Fort Hamilton,3.387694841269841,BK1061,2024-12-28 19:18:22.462790
Dyker Beach Park,6.971675765669516,BK1091,2024-12-28 19:18:22.462790
Bensonhurst,6.41157744966145,BK1101,2024-12-28 19:18:22.462790
Bath Beach,11.288582170897284,BK1102,2024-12-28 19:18:22.462790
Gravesend (West),9.31804650527403,BK1103,2024-12-28 19:18:22.462790
Sunset Park (East)-Borough Park (West),8.076834430014431,BK1201,2024-12-28 19:18:22.462790
Borough Park,10.89243746322106,BK1202,2024-12-28 19:18:22.462790
Kensington,7.753076186575393,BK1203,2024-12-28 19:18:22.462790
Mapleton-Midwood (West),8.940369702339487,BK1204,2024-12-28 19:18:22.462790
Gravesend (South),6.764809098418327,BK1301,2024-12-28 19:18:22.462790
Coney Island-Sea Gate,5.685231198486185,BK1302,2024-12-28 19:18:22.462790
Brighton Beach,5.960560425260655,BK1303,2024-12-28 19:18:22.462790
Calvert Vaux Park,,BK1391,2024-12-28 19:18:22.462790
Flatbush,9.623332591587376,BK1401,2024-12-28 19:18:22.462790
Flatbush (West)-Ditmas Park-Parkville,7.136379578609221,BK1402,2024-12-28 19:18:22.462790
Midwood,7.6298128171268695,BK1403,2024-12-28 19:18:22.462790
Gravesend (East)-Homecrest,8.68677843489373,BK1501,2024-12-28 19:18:22.462790
Madison,8.767715874229047,BK1502,2024-12-28 19:18:22.462790
Sheepshead Bay-Manhattan Beach-Gerritsen Beach,5.710784480850444,BK1503,2024-12-28 19:18:22.462790
Ocean Hill,10.674320669162826,BK1601,2024-12-28 19:18:22.462790
Brownsville,7.812567149545756,BK1602,2024-12-28 19:18:22.462790
East Flatbush-Erasmus,6.831135753571428,BK1701,2024-12-28 19:18:22.462790
East Flatbush-Farragut,10.057776983845548,BK1702,2024-12-28 19:18:22.462790
East Flatbush-Rugby,8.442620734937364,BK1703,2024-12-28 19:18:22.462790
East Flatbush-Remsen Village,13.050676290199474,BK1704,2024-12-28 19:18:22.462790
Holy Cross Cemetery,,BK1771,2024-12-28 19:18:22.462790
Flatlands,9.332260384187318,BK1801,2024-12-28 19:18:22.462790
Marine Park-Mill Basin-Bergen Beach,13.207735727290434,BK1802,2024-12-28 19:18:22.462790
Canarsie,8.883836605586678,BK1803,2024-12-28 19:18:22.462790
Marine Park-Plumb Island,9.132414583333333,BK1891,2024-12-28 19:18:22.462790
McGuire Fields,,BK1892,2024-12-28 19:18:22.462790
Canarsie Park & Pier,10.014368333333334,BK1893,2024-12-28 19:18:22.462790
Prospect Park,10.4471719808837,BK5591,2024-12-28 19:18:22.462790
Barren Island-Floyd Bennett Field,,BK5691,2024-12-28 19:18:22.462790
Jamaica Bay (West),,BK5692,2024-12-28 19:18:22.462790
Shirley Chisholm State Park,,BK5693,2024-12-28 19:18:22.462790
Mott Haven-Port Morris,4.736108817460318,BX0101,2024-12-28 19:18:22.462790
Melrose,4.2351756481481475,BX0102,2024-12-28 19:18:22.462790
Hunts Point,,BX0201,2024-12-28 19:18:22.462790
Longwood,,BX0202,2024-12-28 19:18:22.462790
North & South Brother Islands,,BX0291,2024-12-28 19:18:22.462790
Morrisania,,BX0301,2024-12-28 19:18:22.462790
Claremont Village-Claremont (East),,BX0302,2024-12-28 19:18:22.462790
Crotona Park East,,BX0303,2024-12-28 19:18:22.462790
Crotona Park,,BX0391,2024-12-28 19:18:22.462790
Concourse-Concourse Village,5.937364583333333,BX0401,2024-12-28 19:18:22.462790
Highbridge,,BX0402,2024-12-28 19:18:22.462790
Mount Eden-Claremont (West),,BX0403,2024-12-28 19:18:22.462790
Yankee Stadium-Macombs Dam Park,,BX0491,2024-12-28 19:18:22.462790
Claremont Park,,BX0492,2024-12-28 19:18:22.462790
University Heights (South)-Morris Heights,,BX0501,2024-12-28 19:18:22.462790
Mount Hope,,BX0502,2024-12-28 19:18:22.462790
Fordham Heights,,BX0503,2024-12-28 19:18:22.462790
West Farms,,BX0601,2024-12-28 19:18:22.462790
Tremont,,BX0602,2024-12-28 19:18:22.462790
Belmont,,BX0603,2024-12-28 19:18:22.462790
University Heights (North)-Fordham,,BX0701,2024-12-28 19:18:22.462790
Bedford Park,,BX0702,2024-12-28 19:18:22.462790
Norwood,0.5297166666666666,BX0703,2024-12-28 19:18:22.462790
Kingsbridge Heights-Van Cortlandt Village,,BX0801,2024-12-28 19:18:22.462790
Kingsbridge-Marble Hill,,BX0802,2024-12-28 19:18:22.462790
Riverdale-Spuyten Duyvil,,BX0803,2024-12-28 19:18:22.462790
Soundview-Bruckner-Bronx River,,BX0901,2024-12-28 19:18:22.462790
Soundview-Clason Point,,BX0902,2024-12-28 19:18:22.462790
Castle Hill-Unionport,,BX0903,2024-12-28 19:18:22.462790
Parkchester,,BX0904,2024-12-28 19:18:22.462790
Soundview Park,,BX0991,2024-12-28 19:18:22.462790
Westchester Square,,BX1001,2024-12-28 19:18:22.462790
Throgs Neck-Schuylerville,,BX1002,2024-12-28 19:18:22.462790
Pelham Bay-Country Club-City Island,,BX1003,2024-12-28 19:18:22.462790
Co-op City,,BX1004,2024-12-28 19:18:22.462790
Hart Island,,BX1071,2024-12-28 19:18:22.462790
Ferry Point Park-St. Raymond Cemetery,,BX1091,2024-12-28 19:18:22.462790
Pelham Parkway-Van Nest,,BX1101,2024-12-28 19:18:22.462790
Morris Park,,BX1102,2024-12-28 19:18:22.462790
Pelham Gardens,,BX1103,2024-12-28 19:18:22.462790
Allerton,,BX1104,2024-12-28 19:18:22.462790
Hutchinson Metro Center,,BX1161,2024-12-28 19:18:22.462790
Williamsbridge-Olinville,,BX1201,2024-12-28 19:18:22.462790
Eastchester-Edenwald-Baychester,,BX1202,2024-12-28 19:18:22.462790
Wakefield-Woodlawn,,BX1203,2024-12-28 19:18:22.462790
Woodlawn Cemetery,,BX1271,2024-12-28 19:18:22.462790
Van Cortlandt Park,,BX2691,2024-12-28 19:18:22.462790
Bronx Park,,BX2791,2024-12-28 19:18:22.462790
Pelham Bay Park,,BX2891,2024-12-28 19:18:22.462790
Financial District-Battery Park City,9.258233675127283,MN0101,2024-12-28 19:18:22.462790
Tribeca-Civic Center,8.741488858650031,MN0102,2024-12-28 19:18:22.462790
The Battery-Governors Island-Ellis Island-Liberty Island,17.921118518518522,MN0191,2024-12-28 19:18:22.462790
SoHo-Little Italy-Hudson Square,8.290804590902649,MN0201,2024-12-28 19:18:22.462790
Greenwich Village,7.248081908006662,MN0202,2024-12-28 19:18:22.462790
West Village,7.865026447811448,MN0203,2024-12-28 19:18:22.462790
Chinatown-Two Bridges,4.579991491354649,MN0301,2024-12-28 19:18:22.462790
Lower East Side,4.295614847904796,MN0302,2024-12-28 19:18:22.462790
East Village,5.076306856956876,MN0303,2024-12-28 19:18:22.462790
Chelsea-Hudson Yards,8.211651833495303,MN0401,2024-12-28 19:18:22.462790
Hell's Kitchen,16.812310270472015,MN0402,2024-12-28 19:18:22.462790
Midtown South-Flatiron-Union Square,9.462676507816461,MN0501,2024-12-28 19:18:22.462790
Midtown-Times Square,12.599955299300182,MN0502,2024-12-28 19:18:22.462790
Stuyvesant Town-Peter Cooper Village,6.910667271925605,MN0601,2024-12-28 19:18:22.462790
Gramercy,6.810767147380295,MN0602,2024-12-28 19:18:22.462790
Murray Hill-Kips Bay,12.164815048933908,MN0603,2024-12-28 19:18:22.462790
East Midtown-Turtle Bay,8.696024762971897,MN0604,2024-12-28 19:18:22.462790
United Nations,2.9674176388888887,MN0661,2024-12-28 19:18:22.462790
Upper West Side-Lincoln Square,7.0999477389401155,MN0701,2024-12-28 19:18:22.462790
Upper West Side (Central),11.74157161138705,MN0702,2024-12-28 19:18:22.462790
Upper West Side-Manhattan Valley,11.38134916902357,MN0703,2024-12-28 19:18:22.462790
Upper East Side-Lenox Hill-Roosevelt Island,3.9540741866845277,MN0801,2024-12-28 19:18:22.462790
Upper East Side-Carnegie Hill,6.603652362551418,MN0802,2024-12-28 19:18:22.462790
Upper East Side-Yorkville,4.987857798658066,MN0803,2024-12-28 19:18:22.462790
Morningside Heights,12.333647002957855,MN0901,2024-12-28 19:18:22.462790
Manhattanville-West Harlem,10.263013255992615,MN0902,2024-12-28 19:18:22.462790
Hamilton Heights-Sugar Hill,10.035591810551052,MN0903,2024-12-28 19:18:22.462790
Harlem (South),8.871278641648601,MN1001,2024-12-28 19:18:22.462790
Harlem (North),9.189145070397373,MN1002,2024-12-28 19:18:22.462790
East Harlem (South),4.86719767781518,MN1101,2024-12-28 19:18:22.462790
East Harlem (North),7.3530593737075,MN1102,2024-12-28 19:18:22.462790
Randall's Island,11.230001307189541,MN1191,2024-12-28 19:18:22.462790
Washington Heights (South),10.009825939020931,MN1201,2024-12-28 19:18:22.462790
Washington Heights (North),6.283396652488846,MN1202,2024-12-28 19:18:22.462790
Inwood,4.088767222222223,MN1203,2024-12-28 19:18:22.462790
Highbridge Park,10.691381867580365,MN1291,2024-12-28 19:18:22.462790
Inwood Hill Park,2.5888777777777774,MN1292,2024-12-28 19:18:22.462790
Central Park,6.605586188010757,MN6491,2024-12-28 19:18:22.462790
Astoria (North)-Ditmars-Steinway,4.821257291666667,QN0101,2024-12-28 19:18:22.462790
Old Astoria-Hallets Point,,QN0102,2024-12-28 19:18:22.462790
Astoria (Central),,QN0103,2024-12-28 19:18:22.462790
Astoria (East)-Woodside (North),,QN0104,2024-12-28 19:18:22.462790
Queensbridge-Ravenswood-Dutch Kills,4.022007738095239,QN0105,2024-12-28 19:18:22.462790
Rikers Island,,QN0151,2024-12-28 19:18:22.462790
Sunnyside Yards (North),,QN0161,2024-12-28 19:18:22.462790
St. Michael's Cemetery,,QN0171,2024-12-28 19:18:22.462790
Astoria Park,,QN0191,2024-12-28 19:18:22.462790
Long Island City-Hunters Point,8.411571202801827,QN0201,2024-12-28 19:18:22.462790
Sunnyside,4.021814562628371,QN0202,2024-12-28 19:18:22.462790
Woodside,5.711172385204081,QN0203,2024-12-28 19:18:22.462790
Sunnyside Yards (South),,QN0261,2024-12-28 19:18:22.462790
Calvary & Mount Zion Cemeteries,2.3158666666666665,QN0271,2024-12-28 19:18:22.462790
Jackson Heights,8.374225632086167,QN0301,2024-12-28 19:18:22.462790
East Elmhurst,4.539790606890905,QN0302,2024-12-28 19:18:22.462790
North Corona,1.8368633333333335,QN0303,2024-12-28 19:18:22.462790
Elmhurst,9.943172518992263,QN0401,2024-12-28 19:18:22.462790
Corona,8.474923155163363,QN0402,2024-12-28 19:18:22.462790
Maspeth,13.551690252180979,QN0501,2024-12-28 19:18:22.462790
Ridgewood,8.445260255728153,QN0502,2024-12-28 19:18:22.462790
Glendale,8.674830767906336,QN0503,2024-12-28 19:18:22.462790
Middle Village,12.576046350859789,QN0504,2024-12-28 19:18:22.462790
Mount Olivet & All Faiths Cemeteries,10.87719537037037,QN0571,2024-12-28 19:18:22.462790
Middle Village Cemetery,7.3389500000000005,QN0572,2024-12-28 19:18:22.462790
St. John Cemetery,13.491209895833332,QN0573,2024-12-28 19:18:22.462790
Highland Park-Cypress Hills Cemeteries (North),8.657177932098767,QN0574,2024-12-28 19:18:22.462790
Rego Park,6.834032725694444,QN0601,2024-12-28 19:18:22.462790
Forest Hills,6.21837543939394,QN0602,2024-12-28 19:18:22.462790
College Point,8.202754477513228,QN0701,2024-12-28 19:18:22.462790
Whitestone-Beechhurst,3.4663037105119825,QN0702,2024-12-28 19:18:22.462790
Bay Terrace-Clearview,5.9895391988727855,QN0703,2024-12-28 19:18:22.462790
Murray Hill-Broadway Flushing,6.658027164171747,QN0704,2024-12-28 19:18:22.462790
East Flushing,3.2591864474973775,QN0705,2024-12-28 19:18:22.462790
Queensboro Hill,5.878400134226884,QN0706,2024-12-28 19:18:22.462790
Flushing-Willets Point,7.09059590379274,QN0707,2024-12-28 19:18:22.462790
Fort Totten,2.6258527777777774,QN0761,2024-12-28 19:18:22.462790
Kissena Park,,QN0791,2024-12-28 19:18:22.462790
Kew Gardens Hills,7.560451644345238,QN0801,2024-12-28 19:18:22.462790
Pomonok-Electchester-Hillcrest,2.415919696665988,QN0802,2024-12-28 19:18:22.462790
Fresh Meadows-Utopia,3.467234836359831,QN0803,2024-12-28 19:18:22.462790
Jamaica Estates-Holliswood,4.13047389514402,QN0804,2024-12-28 19:18:22.462790
Jamaica Hills-Briarwood,6.721203095106542,QN0805,2024-12-28 19:18:22.462790
Mount Hebron & Cedar Grove Cemeteries,4.265790119047619,QN0871,2024-12-28 19:18:22.462790
Cunningham Park,4.471362678710179,QN0891,2024-12-28 19:18:22.462790
Kew Gardens,6.236997986111112,QN0901,2024-12-28 19:18:22.462790
Richmond Hill,13.973682894935752,QN0902,2024-12-28 19:18:22.462790
South Richmond Hill,9.672173535353535,QN0903,2024-12-28 19:18:22.462790
Ozone Park (North),7.360802083333333,QN0904,2024-12-28 19:18:22.462790
Woodhaven,14.790595656565657,QN0905,2024-12-28 19:18:22.462790
South Ozone Park,,QN1001,2024-12-28 19:18:22.462790
Ozone Park,,QN1002,2024-12-28 19:18:22.462790
Howard Beach-Lindenwood,6.3830012499999995,QN1003,2024-12-28 19:18:22.462790
Spring Creek Park,,QN1091,2024-12-28 19:18:22.462790
Auburndale,5.043635941638213,QN1101,2024-12-28 19:18:22.462790
Bayside,4.094982851125154,QN1102,2024-12-28 19:18:22.462790
Douglaston-Little Neck,5.912381613378685,QN1103,2024-12-28 19:18:22.462790
Oakland Gardens-Hollis Hills,3.839800713394665,QN1104,2024-12-28 19:18:22.462790
Alley Pond Park,2.6351842403628116,QN1191,2024-12-28 19:18:22.462790
Jamaica,5.726083169401688,QN1201,2024-12-28 19:18:22.462790
South Jamaica,2.618354338023088,QN1202,2024-12-28 19:18:22.462790
Baisley Park,1.654366130952381,QN1203,2024-12-28 19:18:22.462790
Springfield Gardens (North)-Rochdale Village,2.6908430306267808,QN1204,2024-12-28 19:18:22.462790
St. Albans,2.410077328337582,QN1205,2024-12-28 19:18:22.462790
Hollis,3.2259612971179417,QN1206,2024-12-28 19:18:22.462790
Glen Oaks-Floral Park-New Hyde Park,6.596936278551278,QN1301,2024-12-28 19:18:22.462790
Bellerose,4.5056073883277215,QN1302,2024-12-28 19:18:22.462790
Queens Village,3.076318512186737,QN1303,2024-12-28 19:18:22.462790
Cambria Heights,2.167265007155868,QN1304,2024-12-28 19:18:22.462790
Laurelton,2.959227568027211,QN1305,2024-12-28 19:18:22.462790
Springfield Gardens (South)-Brookville,2.6247308006535945,QN1306,2024-12-28 19:18:22.462790
Rosedale,2.7034287239583334,QN1307,2024-12-28 19:18:22.462790
Montefiore Cemetery,4.844677777777778,QN1371,2024-12-28 19:18:22.462790
Far Rockaway-Bayswater,,QN1401,2024-12-28 19:18:22.462790
Rockaway Beach-Arverne-Edgemere,,QN1402,2024-12-28 19:18:22.462790
Breezy Point-Belle Harbor-Rockaway Park-Broad Channel,,QN1403,2024-12-28 19:18:22.462790
Rockaway Community Park,,QN1491,2024-12-28 19:18:22.462790
LaGuardia Airport,9.297181322751323,QN8081,2024-12-28 19:18:22.462790
Flushing Meadows-Corona Park,4.400669831649831,QN8191,2024-12-28 19:18:22.462790
Forest Park,18.407626277777776,QN8291,2024-12-28 19:18:22.462790
John F. Kennedy International Airport,2.8767780761316875,QN8381,2024-12-28 19:18:22.462790
Jamaica Bay (East),,QN8491,2024-12-28 19:18:22.462790
Jacob Riis Park-Fort Tilden-Breezy Point Tip,,QN8492,2024-12-28 19:18:22.462790
St. George-New Brighton,4.034585590990201,SI0101,2024-12-28 19:18:22.462790
Tompkinsville-Stapleton-Clifton-Fox Hills,3.0430287019462017,SI0102,2024-12-28 19:18:22.462790
Rosebank-Shore Acres-Park Hill,7.335833004736808,SI0103,2024-12-28 19:18:22.462790
West New Brighton-Silver Lake-Grymes Hill,3.2023743703299807,SI0104,2024-12-28 19:18:22.462790
Westerleigh-Castleton Corners,7.940997925301294,SI0105,2024-12-28 19:18:22.462790
Port Richmond,4.797187511066583,SI0106,2024-12-28 19:18:22.462790
Mariner's Harbor-Arlington-Graniteville,5.394871278484992,SI0107,2024-12-28 19:18:22.462790
Snug Harbor,7.937573958333333,SI0191,2024-12-28 19:18:22.462790
Grasmere-Arrochar-South Beach-Dongan Hills,4.285270677172734,SI0201,2024-12-28 19:18:22.462790
New Dorp-Midland Beach,5.642749413315545,SI0202,2024-12-28 19:18:22.462790
Todt Hill-Emerson Hill-Lighthouse Hill-Manor Heights,3.96930167562724,SI0203,2024-12-28 19:18:22.462790
New Springville-Willowbrook-Bulls Head-Travis,4.041701048867312,SI0204,2024-12-28 19:18:22.462790
Freshkills Park (North),6.6714791534391535,SI0291,2024-12-28 19:18:22.462790
Oakwood-Richmondtown,4.405797562678062,SI0301,2024-12-28 19:18:22.462790
Great Kills-Eltingville,5.716607001766616,SI0302,2024-12-28 19:18:22.462790
Arden Heights-Rossville,8.42664292929293,SI0303,2024-12-28 19:18:22.462790
Annadale-Huguenot-Prince's Bay-Woodrow,3.62488487654321,SI0304,2024-12-28 19:18:22.462790
Tottenville-Charleston,5.497484113756614,SI0305,2024-12-28 19:18:22.462790
Freshkills Park (South),10.358596527777777,SI0391,2024-12-28 19:18:22.462790
Fort Wadsworth,17.4116,SI9561,2024-12-28 19:18:22.462790
Hoffman & Swinburne Islands,,SI9591,2024-12-28 19:18:22.462790
Miller Field,4.819358333333334,SI9592,2024-12-28 19:18:22.462790
Great Kills Park,1.9796670524691358,SI9593,2024-12-28 19:18:22.462790
Alley Pond Park,4.561165079365079,QN1191,2024-12-28 19:27:22.166206
Annadale-Huguenot-Prince's Bay-Woodrow,10.973863888888888,SI0304,2024-12-28 19:27:22.166206
Arden Heights-Rossville,7.640269444444443,SI0303,2024-12-28 19:27:22.166206
Auburndale,8.254440737433862,QN1101,2024-12-28 19:27:22.166206
Baisley Park,0.8695222222222222,QN1203,2024-12-28 19:27:22.166206
Bath Beach,7.600975347222223,BK1102,2024-12-28 19:27:22.166206
Bay Ridge,9.000352296006945,BK1001,2024-12-28 19:27:22.166206
Bay Terrace-Clearview,6.518254871794872,QN0703,2024-12-28 19:27:22.166206
Bayside,3.984218800930936,QN1102,2024-12-28 19:27:22.166206
Bedford-Stuyvesant (East),6.021994507642563,BK0302,2024-12-28 19:27:22.166206
Bedford-Stuyvesant (West),3.7072438071895424,BK0301,2024-12-28 19:27:22.166206
Bellerose,5.865220694444445,QN1302,2024-12-28 19:27:22.166206
Bensonhurst,7.328709873737374,BK1101,2024-12-28 19:27:22.166206
Borough Park,7.6030172863247865,BK1202,2024-12-28 19:27:22.166206
Brighton Beach,8.612861243386243,BK1303,2024-12-28 19:27:22.166206
Brooklyn Heights,2.13693875,BK0201,2024-12-28 19:27:22.166206
Brooklyn Navy Yard,12.190522222222222,BK0261,2024-12-28 19:27:22.166206
Brownsville,6.242928477733686,BK1602,2024-12-28 19:27:22.166206
Bushwick (East),6.437328888888889,BK0402,2024-12-28 19:27:22.166206
Bushwick (West),8.404317722222222,BK0401,2024-12-28 19:27:22.166206
Calvary & Mount Zion Cemeteries,2.410616666666667,QN0271,2024-12-28 19:27:22.166206
Cambria Heights,1.326461574074074,QN1304,2024-12-28 19:27:22.166206
Canarsie,7.114478943668047,BK1803,2024-12-28 19:27:22.166206
Canarsie Park & Pier,3.78720119047619,BK1893,2024-12-28 19:27:22.166206
Carroll Gardens-Cobble Hill-Gowanus-Red Hook,10.636856746031745,BK0601,2024-12-28 19:27:22.166206
Central Park,6.698384694616977,MN6491,2024-12-28 19:27:22.166206
Chelsea-Hudson Yards,8.314085572562359,MN0401,2024-12-28 19:27:22.166206
Chinatown-Two Bridges,2.3193091005291,MN0301,2024-12-28 19:27:22.166206
Clinton Hill,3.2001150997150996,BK0204,2024-12-28 19:27:22.166206
College Point,15.415658333333333,QN0701,2024-12-28 19:27:22.166206
Coney Island-Sea Gate,4.391779398148148,BK1302,2024-12-28 19:27:22.166206
Corona,5.344522866838023,QN0402,2024-12-28 19:27:22.166206
Crown Heights (North),8.181324911778036,BK0802,2024-12-28 19:27:22.166206
Crown Heights (South),4.725273263888889,BK0901,2024-12-28 19:27:22.166206
Cunningham Park,5.033285000000001,QN0891,2024-12-28 19:27:22.166206
Cypress Hills,6.429241071428572,BK0501,2024-12-28 19:27:22.166206
Douglaston-Little Neck,12.057449861111111,QN1103,2024-12-28 19:27:22.166206
Downtown Brooklyn-DUMBO-Boerum Hill,6.663482637566138,BK0202,2024-12-28 19:27:22.166206
Dyker Beach Park,1.0444749999999998,BK1091,2024-12-28 19:27:22.166206
Dyker Heights,7.3578802083333334,BK1002,2024-12-28 19:27:22.166206
East Elmhurst,6.184455864197531,QN0302,2024-12-28 19:27:22.166206
East Flatbush-Erasmus,6.040884567901235,BK1701,2024-12-28 19:27:22.166206
East Flatbush-Farragut,6.3463808888888895,BK1702,2024-12-28 19:27:22.166206
East Flatbush-Remsen Village,8.619250115995117,BK1704,2024-12-28 19:27:22.166206
East Flatbush-Rugby,5.317789583333333,BK1703,2024-12-28 19:27:22.166206
East Flushing,3.6391166982108496,QN0705,2024-12-28 19:27:22.166206
East Harlem (North),5.859652274305556,MN1102,2024-12-28 19:27:22.166206
East Harlem (South),4.567147627923976,MN1101,2024-12-28 19:27:22.166206
East Midtown-Turtle Bay,8.080050084325396,MN0604,2024-12-28 19:27:22.166206
East New York (North),6.528929880952381,BK0502,2024-12-28 19:27:22.166206
East New York-City Line,4.365914267676768,BK0505,2024-12-28 19:27:22.166206
East New York-New Lots,10.365665344611529,BK0503,2024-12-28 19:27:22.166206
East Village,8.265015035909308,MN0303,2024-12-28 19:27:22.166206
East Williamsburg,9.176279038170824,BK0104,2024-12-28 19:27:22.166206
Elmhurst,8.186006249064722,QN0401,2024-12-28 19:27:22.166206
Financial District-Battery Park City,12.28599799382716,MN0101,2024-12-28 19:27:22.166206
Flatbush,9.305236340208612,BK1401,2024-12-28 19:27:22.166206
Flatbush (West)-Ditmas Park-Parkville,8.77525735479798,BK1402,2024-12-28 19:27:22.166206
Flatlands,7.801685236392873,BK1801,2024-12-28 19:27:22.166206
Flushing-Willets Point,4.46377163037888,QN0707,2024-12-28 19:27:22.166206
Forest Hills,4.663734027777778,QN0602,2024-12-28 19:27:22.166206
Forest Park,10.745143333333333,QN8291,2024-12-28 19:27:22.166206
Fort Greene,4.553036583333333,BK0203,2024-12-28 19:27:22.166206
Fresh Meadows-Utopia,5.5477464518467645,QN0803,2024-12-28 19:27:22.166206
Freshkills Park (North),7.204069444444445,SI0291,2024-12-28 19:27:22.166206
Freshkills Park (South),12.772788888888886,SI0391,2024-12-28 19:27:22.166206
Glen Oaks-Floral Park-New Hyde Park,2.533920987654321,QN1301,2024-12-28 19:27:22.166206
Glendale,10.776494027777776,QN0503,2024-12-28 19:27:22.166206
Gramercy,5.966595208333334,MN0602,2024-12-28 19:27:22.166206
Grasmere-Arrochar-South Beach-Dongan Hills,7.890564111629112,SI0201,2024-12-28 19:27:22.166206
Gravesend (East)-Homecrest,11.398126125,BK1501,2024-12-28 19:27:22.166206
Gravesend (South),8.731034590056408,BK1301,2024-12-28 19:27:22.166206
Gravesend (West),8.61086005870198,BK1103,2024-12-28 19:27:22.166206
Great Kills-Eltingville,9.597760466269841,SI0302,2024-12-28 19:27:22.166206
Green-Wood Cemetery,9.229501666666668,BK0771,2024-12-28 19:27:22.166206
Greenpoint,3.011567989417989,BK0101,2024-12-28 19:27:22.166206
Greenwich Village,11.573049484702095,MN0202,2024-12-28 19:27:22.166206
Hamilton Heights-Sugar Hill,9.300909884744884,MN0903,2024-12-28 19:27:22.166206
Harlem (North),7.014756935545385,MN1002,2024-12-28 19:27:22.166206
Harlem (South),6.986592935808405,MN1001,2024-12-28 19:27:22.166206
Hell's Kitchen,11.904565579648525,MN0402,2024-12-28 19:27:22.166206
Highbridge Park,7.649745238095238,MN1291,2024-12-28 19:27:22.166206
Highland Park-Cypress Hills Cemeteries (North),7.51310148148148,QN0574,2024-12-28 19:27:22.166206
Highland Park-Cypress Hills Cemeteries (South),10.475958333333331,BK0571,2024-12-28 19:27:22.166206
Hollis,2.381990980392157,QN1206,2024-12-28 19:27:22.166206
Howard Beach-Lindenwood,1.4803833333333332,QN1003,2024-12-28 19:27:22.166206
Inwood,4.158088888888889,MN1203,2024-12-28 19:27:22.166206
Jackson Heights,15.589489583333334,QN0301,2024-12-28 19:27:22.166206
Jamaica,4.271739961469681,QN1201,2024-12-28 19:27:22.166206
Jamaica Estates-Holliswood,3.59389021090535,QN0804,2024-12-28 19:27:22.166206
Jamaica Hills-Briarwood,2.4902305555555557,QN0805,2024-12-28 19:27:22.166206
John F. Kennedy International Airport,2.0727699074074075,QN8381,2024-12-28 19:27:22.166206
Kensington,6.575246694444445,BK1203,2024-12-28 19:27:22.166206
Kew Gardens,29.535397222222223,QN0901,2024-12-28 19:27:22.166206
Kew Gardens Hills,2.267450028409091,QN0801,2024-12-28 19:27:22.166206
LaGuardia Airport,6.647594907407407,QN8081,2024-12-28 19:27:22.166206
Laurelton,2.992761041666667,QN1305,2024-12-28 19:27:22.166206
Lincoln Terrace Park,2.845868518518518,BK0891,2024-12-28 19:27:22.166206
Long Island City-Hunters Point,8.31877136111111,QN0201,2024-12-28 19:27:22.166206
Lower East Side,5.24669670798898,MN0302,2024-12-28 19:27:22.166206
Madison,10.718204421470341,BK1502,2024-12-28 19:27:22.166206
Manhattanville-West Harlem,10.377037731481481,MN0902,2024-12-28 19:27:22.166206
Mapleton-Midwood (West),7.591994898989899,BK1204,2024-12-28 19:27:22.166206
Marine Park-Mill Basin-Bergen Beach,15.34121867266414,BK1802,2024-12-28 19:27:22.166206
Marine Park-Plumb Island,5.051947083333334,BK1891,2024-12-28 19:27:22.166206
Mariner's Harbor-Arlington-Graniteville,5.115336078431373,SI0107,2024-12-28 19:27:22.166206
Maspeth,9.310509594356262,QN0501,2024-12-28 19:27:22.166206
Middle Village,9.403827546296297,QN0504,2024-12-28 19:27:22.166206
Midtown South-Flatiron-Union Square,9.685897693490539,MN0501,2024-12-28 19:27:22.166206
Midtown-Times Square,7.299060609555788,MN0502,2024-12-28 19:27:22.166206
Midwood,5.584121279761904,BK1403,2024-12-28 19:27:22.166206
Morningside Heights,13.068320413464216,MN0901,2024-12-28 19:27:22.166206
Mott Haven-Port Morris,2.3542369047619047,BX0101,2024-12-28 19:27:22.166206
Mount Hebron & Cedar Grove Cemeteries,1.0138666666666667,QN0871,2024-12-28 19:27:22.166206
Murray Hill-Broadway Flushing,5.833907638888888,QN0704,2024-12-28 19:27:22.166206
Murray Hill-Kips Bay,9.411757348731514,MN0603,2024-12-28 19:27:22.166206
New Dorp-Midland Beach,3.357386904761905,SI0202,2024-12-28 19:27:22.166206
New Springville-Willowbrook-Bulls Head-Travis,3.9601559368191723,SI0204,2024-12-28 19:27:22.166206
North Corona,2.5442388888888887,QN0303,2024-12-28 19:27:22.166206
Oakland Gardens-Hollis Hills,5.3561645238095235,QN1104,2024-12-28 19:27:22.166206
Oakwood-Richmondtown,4.260703703703704,SI0301,2024-12-28 19:27:22.166206
Ocean Hill,10.023368253968254,BK1601,2024-12-28 19:27:22.166206
Ozone Park (North),8.293516666666667,QN0904,2024-12-28 19:27:22.166206
Park Slope,3.2169465277777776,BK0602,2024-12-28 19:27:22.166206
Pomonok-Electchester-Hillcrest,4.415785447530864,QN0802,2024-12-28 19:27:22.166206
Port Richmond,5.488432392623715,SI0106,2024-12-28 19:27:22.166206
Prospect Heights,3.903917638888889,BK0801,2024-12-28 19:27:22.166206
Prospect Lefferts Gardens-Wingate,6.4883902601160415,BK0902,2024-12-28 19:27:22.166206
Prospect Park,10.818999999999999,BK5591,2024-12-28 19:27:22.166206
Queens Village,2.9840512911522636,QN1303,2024-12-28 19:27:22.166206
Queensboro Hill,3.2604231746031744,QN0706,2024-12-28 19:27:22.166206
Queensbridge-Ravenswood-Dutch Kills,0.7994,QN0105,2024-12-28 19:27:22.166206
Randall's Island,18.3088,MN1191,2024-12-28 19:27:22.166206
Rego Park,6.783976296296296,QN0601,2024-12-28 19:27:22.166206
Richmond Hill,9.488356527777777,QN0902,2024-12-28 19:27:22.166206
Ridgewood,10.7836032469245,QN0502,2024-12-28 19:27:22.166206
Rosebank-Shore Acres-Park Hill,4.437455208333333,SI0103,2024-12-28 19:27:22.166206
Rosedale,3.315749652777778,QN1307,2024-12-28 19:27:22.166206
Sheepshead Bay-Manhattan Beach-Gerritsen Beach,5.634729620181406,BK1503,2024-12-28 19:27:22.166206
Snug Harbor,14.6028875,SI0191,2024-12-28 19:27:22.166206
SoHo-Little Italy-Hudson Square,9.519218055555555,MN0201,2024-12-28 19:27:22.166206
South Jamaica,1.0794702083333334,QN1202,2024-12-28 19:27:22.166206
South Richmond Hill,12.2439625,QN0903,2024-12-28 19:27:22.166206
South Williamsburg,7.560460763888889,BK0103,2024-12-28 19:27:22.166206
Spring Creek-Starrett City,8.288933038720538,BK0504,2024-12-28 19:27:22.166206
Springfield Gardens (North)-Rochdale Village,2.9256895925925925,QN1204,2024-12-28 19:27:22.166206
Springfield Gardens (South)-Brookville,5.81915,QN1306,2024-12-28 19:27:22.166206
St. Albans,1.925663745210728,QN1205,2024-12-28 19:27:22.166206
St. George-New Brighton,4.7751847530525025,SI0101,2024-12-28 19:27:22.166206
St. John Cemetery,6.749116666666667,QN0573,2024-12-28 19:27:22.166206
Stuyvesant Town-Peter Cooper Village,20.319523611111112,MN0601,2024-12-28 19:27:22.166206
Sunnyside,4.160854067460318,QN0202,2024-12-28 19:27:22.166206
Sunset Park (Central),8.404636666666667,BK0703,2024-12-28 19:27:22.166206
Sunset Park (East)-Borough Park (West),3.4406765873015877,BK1201,2024-12-28 19:27:22.166206
Sunset Park (West),4.520465101010101,BK0702,2024-12-28 19:27:22.166206
The Battery-Governors Island-Ellis Island-Liberty Island,23.828866666666666,MN0191,2024-12-28 19:27:22.166206
Todt Hill-Emerson Hill-Lighthouse Hill-Manor Heights,4.393455208333334,SI0203,2024-12-28 19:27:22.166206
Tompkinsville-Stapleton-Clifton-Fox Hills,6.455358597222222,SI0102,2024-12-28 19:27:22.166206
Tottenville-Charleston,6.2032783333333334,SI0305,2024-12-28 19:27:22.166206
Tribeca-Civic Center,7.548401574074075,MN0102,2024-12-28 19:27:22.166206
Upper East Side-Carnegie Hill,5.44947880051656,MN0802,2024-12-28 19:27:22.166206
Upper East Side-Lenox Hill-Roosevelt Island,5.071542596801346,MN0801,2024-12-28 19:27:22.166206
Upper East Side-Yorkville,2.7567259523809526,MN0803,2024-12-28 19:27:22.166206
Upper West Side (Central),13.30728528659612,MN0702,2024-12-28 19:27:22.166206
Upper West Side-Lincoln Square,6.522470010101011,MN0701,2024-12-28 19:27:22.166206
Upper West Side-Manhattan Valley,11.065975524691359,MN0703,2024-12-28 19:27:22.166206
Washington Heights (North),5.228411394383395,MN1202,2024-12-28 19:27:22.166206
Washington Heights (South),5.122683664374841,MN1201,2024-12-28 19:27:22.166206
West New Brighton-Silver Lake-Grymes Hill,3.1677348039215687,SI0104,2024-12-28 19:27:22.166206
West Village,6.522443402777778,MN0203,2024-12-28 19:27:22.166206
Westerleigh-Castleton Corners,6.561125496031747,SI0105,2024-12-28 19:27:22.166206
Whitestone-Beechhurst,2.8308451388888893,QN0702,2024-12-28 19:27:22.166206
Williamsburg,10.384057670454546,BK0102,2024-12-28 19:27:22.166206
Windsor Terrace-South Slope,4.280121333333333,BK0701,2024-12-28 19:27:22.166206
Woodhaven,8.588007407407408,QN0905,2024-12-28 19:27:22.166206
Woodside,10.848332638888888,QN0203,2024-12-28 19:27:22.166206
Alley Pond Park,1.1857208333333333,QN1191,2024-12-28 19:58:54.691364
Annadale-Huguenot-Prince's Bay-Woodrow,4.0487,SI0304,2024-12-28 19:58:54.691364
Auburndale,2.743436655328798,QN1101,2024-12-28 19:58:54.691364
Bath Beach,9.24491787037037,BK1102,2024-12-28 19:58:54.691364
Bay Ridge,9.665528988095238,BK1001,2024-12-28 19:58:54.691364
Bay Terrace-Clearview,1.7378,QN0703,2024-12-28 19:58:54.691364
Bayside,2.4773815308555083,QN1102,2024-12-28 19:58:54.691364
Bedford-Stuyvesant (East),4.135039485294118,BK0302,2024-12-28 19:58:54.691364
Bedford-Stuyvesant (West),3.293885681818182,BK0301,2024-12-28 19:58:54.691364
Bellerose,5.201269047619048,QN1302,2024-12-28 19:58:54.691364
Bensonhurst,5.721089660493827,BK1101,2024-12-28 19:58:54.691364
Borough Park,8.489213492063492,BK1202,2024-12-28 19:58:54.691364
Brighton Beach,6.992072361111112,BK1303,2024-12-28 19:58:54.691364
Brooklyn Heights,1.8496499999999998,BK0201,2024-12-28 19:58:54.691364
Brooklyn Navy Yard,34.493716666666664,BK0261,2024-12-28 19:58:54.691364
Brownsville,4.916382136752136,BK1602,2024-12-28 19:58:54.691364
Bushwick (East),6.376523619047619,BK0402,2024-12-28 19:58:54.691364
Bushwick (West),7.888800833333333,BK0401,2024-12-28 19:58:54.691364
Calvary & Mount Zion Cemeteries,2.17265,QN0271,2024-12-28 19:58:54.691364
Cambria Heights,2.8827759259259254,QN1304,2024-12-28 19:58:54.691364
Canarsie,5.422208784722223,BK1803,2024-12-28 19:58:54.691364
Carroll Gardens-Cobble Hill-Gowanus-Red Hook,2.4290694444444445,BK0601,2024-12-28 19:58:54.691364
Central Park,7.989399669312168,MN6491,2024-12-28 19:58:54.691364
Chelsea-Hudson Yards,12.387345937500001,MN0401,2024-12-28 19:58:54.691364
Chinatown-Two Bridges,5.281006166666667,MN0301,2024-12-28 19:58:54.691364
Clinton Hill,5.1864461111111115,BK0204,2024-12-28 19:58:54.691364
College Point,2.8881763888888887,QN0701,2024-12-28 19:58:54.691364
Coney Island-Sea Gate,12.759033159722222,BK1302,2024-12-28 19:58:54.691364
Corona,6.210222222222222,QN0402,2024-12-28 19:58:54.691364
Crown Heights (North),4.0892433366402114,BK0802,2024-12-28 19:58:54.691364
Crown Heights (South),4.5688182208994705,BK0901,2024-12-28 19:58:54.691364
Cunningham Park,2.333577083333333,QN0891,2024-12-28 19:58:54.691364
Cypress Hills,20.265866666666668,BK0501,2024-12-28 19:58:54.691364
Douglaston-Little Neck,0.35240625000000003,QN1103,2024-12-28 19:58:54.691364
Downtown Brooklyn-DUMBO-Boerum Hill,11.712921950965702,BK0202,2024-12-28 19:58:54.691364
Dyker Heights,4.109041150793651,BK1002,2024-12-28 19:58:54.691364
East Elmhurst,1.7227444444444444,QN0302,2024-12-28 19:58:54.691364
East Flatbush-Erasmus,8.48226111111111,BK1701,2024-12-28 19:58:54.691364
East Flatbush-Farragut,7.6196666666666655,BK1702,2024-12-28 19:58:54.691364
East Flatbush-Remsen Village,6.541232644557823,BK1704,2024-12-28 19:58:54.691364
East Flatbush-Rugby,4.889746531746032,BK1703,2024-12-28 19:58:54.691364
East Flushing,3.867003363303363,QN0705,2024-12-28 19:58:54.691364
East Harlem (North),5.082022685833593,MN1102,2024-12-28 19:58:54.691364
East Harlem (South),12.607215476190476,MN1101,2024-12-28 19:58:54.691364
East Midtown-Turtle Bay,4.493585474537037,MN0604,2024-12-28 19:58:54.691364
East New York (North),3.886731916099773,BK0502,2024-12-28 19:58:54.691364
East New York-City Line,5.320000874485597,BK0505,2024-12-28 19:58:54.691364
East New York-New Lots,6.520767129629629,BK0503,2024-12-28 19:58:54.691364
East Village,3.420171907596372,MN0303,2024-12-28 19:58:54.691364
East Williamsburg,7.013185763888889,BK0104,2024-12-28 19:58:54.691364
Elmhurst,8.10381037037037,QN0401,2024-12-28 19:58:54.691364
Financial District-Battery Park City,8.385204768518518,MN0101,2024-12-28 19:58:54.691364
Flatbush,4.8233334949494955,BK1401,2024-12-28 19:58:54.691364
Flatlands,7.260403115079365,BK1801,2024-12-28 19:58:54.691364
Flushing Meadows-Corona Park,3.000625,QN8191,2024-12-28 19:58:54.691364
Flushing-Willets Point,6.103019104259938,QN0707,2024-12-28 19:58:54.691364
Forest Hills,4.879562499999999,QN0602,2024-12-28 19:58:54.691364
Forest Park,9.782854166666667,QN8291,2024-12-28 19:58:54.691364
Fort Greene,7.42185675925926,BK0203,2024-12-28 19:58:54.691364
Fresh Meadows-Utopia,5.205888842592592,QN0803,2024-12-28 19:58:54.691364
Glen Oaks-Floral Park-New Hyde Park,11.079548214285714,QN1301,2024-12-28 19:58:54.691364
Glendale,6.055632222222222,QN0503,2024-12-28 19:58:54.691364
Gramercy,5.773914583333333,MN0602,2024-12-28 19:58:54.691364
Grasmere-Arrochar-South Beach-Dongan Hills,7.657687797619047,SI0201,2024-12-28 19:58:54.691364
Gravesend (East)-Homecrest,10.090510590277777,BK1501,2024-12-28 19:58:54.691364
Gravesend (South),2.948464583333333,BK1301,2024-12-28 19:58:54.691364
Gravesend (West),7.950277533577534,BK1103,2024-12-28 19:58:54.691364
Great Kills-Eltingville,17.69267466196355,SI0302,2024-12-28 19:58:54.691364
Green-Wood Cemetery,3.55425,BK0771,2024-12-28 19:58:54.691364
Greenpoint,4.02252037037037,BK0101,2024-12-28 19:58:54.691364
Greenwich Village,9.368354111842105,MN0202,2024-12-28 19:58:54.691364
Hamilton Heights-Sugar Hill,10.189107936507936,MN0903,2024-12-28 19:58:54.691364
Harlem (North),8.963362507631258,MN1002,2024-12-28 19:58:54.691364
Harlem (South),13.662508148148149,MN1001,2024-12-28 19:58:54.691364
Hell's Kitchen,5.929906666666666,MN0402,2024-12-28 19:58:54.691364
Highbridge Park,10.208210317460317,MN1291,2024-12-28 19:58:54.691364
Highland Park-Cypress Hills Cemeteries (North),5.820216666666667,QN0574,2024-12-28 19:58:54.691364
Highland Park-Cypress Hills Cemeteries (South),28.50394166666667,BK0571,2024-12-28 19:58:54.691364
Hollis,3.7219799019607844,QN1206,2024-12-28 19:58:54.691364
Howard Beach-Lindenwood,3.105566666666667,QN1003,2024-12-28 19:58:54.691364
Inwood,1.4967407407407407,MN1203,2024-12-28 19:58:54.691364
Inwood Hill Park,3.9691772727272725,MN1292,2024-12-28 19:58:54.691364
Jamaica,7.213658066421883,QN1201,2024-12-28 19:58:54.691364
Jamaica Estates-Holliswood,3.5629181250000004,QN0804,2024-12-28 19:58:54.691364
Jamaica Hills-Briarwood,4.613474873737373,QN0805,2024-12-28 19:58:54.691364
John F. Kennedy International Airport,5.018683333333334,QN8381,2024-12-28 19:58:54.691364
Kensington,4.951525,BK1203,2024-12-28 19:58:54.691364
Kew Gardens,18.544284722222223,QN0901,2024-12-28 19:58:54.691364
Kew Gardens Hills,7.715127083333333,QN0801,2024-12-28 19:58:54.691364
Laurelton,2.457067380952381,QN1305,2024-12-28 19:58:54.691364
Lincoln Terrace Park,3.1331933333333333,BK0891,2024-12-28 19:58:54.691364
Long Island City-Hunters Point,19.452794444444446,QN0201,2024-12-28 19:58:54.691364
Lower East Side,2.4214156250000003,MN0302,2024-12-28 19:58:54.691364
Madison,7.036497191142192,BK1502,2024-12-28 19:58:54.691364
Manhattanville-West Harlem,5.936747907948533,MN0902,2024-12-28 19:58:54.691364
Mapleton-Midwood (West),7.314993055555556,BK1204,2024-12-28 19:58:54.691364
Marine Park-Mill Basin-Bergen Beach,11.962990745614034,BK1802,2024-12-28 19:58:54.691364
Marine Park-Plumb Island,3.3838999999999997,BK1891,2024-12-28 19:58:54.691364
Mariner's Harbor-Arlington-Graniteville,9.546939756944445,SI0107,2024-12-28 19:58:54.691364
Maspeth,14.556640740740741,QN0501,2024-12-28 19:58:54.691364
Middle Village,9.819491666666668,QN0504,2024-12-28 19:58:54.691364
Midtown South-Flatiron-Union Square,6.084439265819965,MN0501,2024-12-28 19:58:54.691364
Midtown-Times Square,11.21895540500557,MN0502,2024-12-28 19:58:54.691364
Midwood,9.011194055555556,BK1403,2024-12-28 19:58:54.691364
Morningside Heights,8.798620266955266,MN0901,2024-12-28 19:58:54.691364
Mount Hebron & Cedar Grove Cemeteries,11.500976666666665,QN0871,2024-12-28 19:58:54.691364
Murray Hill-Broadway Flushing,4.317561836419753,QN0704,2024-12-28 19:58:54.691364
Murray Hill-Kips Bay,2.8046730158730155,MN0603,2024-12-28 19:58:54.691364
New Dorp-Midland Beach,7.661923456790124,SI0202,2024-12-28 19:58:54.691364
New Springville-Willowbrook-Bulls Head-Travis,5.946940810185185,SI0204,2024-12-28 19:58:54.691364
Oakland Gardens-Hollis Hills,5.080794837606837,QN1104,2024-12-28 19:58:54.691364
Oakwood-Richmondtown,2.571454166666667,SI0301,2024-12-28 19:58:54.691364
Ocean Hill,10.234365277777778,BK1601,2024-12-28 19:58:54.691364
Ozone Park (North),11.885958333333333,QN0904,2024-12-28 19:58:54.691364
Park Slope,1.721521875,BK0602,2024-12-28 19:58:54.691364
Pomonok-Electchester-Hillcrest,1.4519500000000003,QN0802,2024-12-28 19:58:54.691364
Port Richmond,4.9978628869047625,SI0106,2024-12-28 19:58:54.691364
Prospect Heights,6.0284025,BK0801,2024-12-28 19:58:54.691364
Prospect Lefferts Gardens-Wingate,3.5076859761904764,BK0902,2024-12-28 19:58:54.691364
Queens Village,3.430410388888889,QN1303,2024-12-28 19:58:54.691364
Queensboro Hill,5.8922099999999995,QN0706,2024-12-28 19:58:54.691364
Richmond Hill,5.7074590277777775,QN0902,2024-12-28 19:58:54.691364
Ridgewood,6.23550425,QN0502,2024-12-28 19:58:54.691364
Rosebank-Shore Acres-Park Hill,7.042665419501134,SI0103,2024-12-28 19:58:54.691364
Rosedale,2.4725375,QN1307,2024-12-28 19:58:54.691364
Sheepshead Bay-Manhattan Beach-Gerritsen Beach,9.67445842056933,BK1503,2024-12-28 19:58:54.691364
SoHo-Little Italy-Hudson Square,28.473491666666668,MN0201,2024-12-28 19:58:54.691364
South Jamaica,2.151766063596491,QN1202,2024-12-28 19:58:54.691364
South Richmond Hill,12.45057222222222,QN0903,2024-12-28 19:58:54.691364
South Williamsburg,10.351087037037036,BK0103,2024-12-28 19:58:54.691364
Spring Creek-Starrett City,2.8133349999999995,BK0504,2024-12-28 19:58:54.691364
Springfield Gardens (North)-Rochdale Village,1.5098518518518518,QN1204,2024-12-28 19:58:54.691364
Springfield Gardens (South)-Brookville,1.6832777777777777,QN1306,2024-12-28 19:58:54.691364
St. Albans,2.716607529239766,QN1205,2024-12-28 19:58:54.691364
St. George-New Brighton,6.082020546737214,SI0101,2024-12-28 19:58:54.691364
Sunnyside,14.55530621031746,QN0202,2024-12-28 19:58:54.691364
Sunset Park (Central),1.4636387222222222,BK0703,2024-12-28 19:58:54.691364
Sunset Park (East)-Borough Park (West),0.8322166666666665,BK1201,2024-12-28 19:58:54.691364
Sunset Park (West),2.439371875,BK0702,2024-12-28 19:58:54.691364
Todt Hill-Emerson Hill-Lighthouse Hill-Manor Heights,9.106460030864197,SI0203,2024-12-28 19:58:54.691364
Tompkinsville-Stapleton-Clifton-Fox Hills,7.561669365079365,SI0102,2024-12-28 19:58:54.691364
Tottenville-Charleston,8.114191666666667,SI0305,2024-12-28 19:58:54.691364
Tribeca-Civic Center,12.660150000000002,MN0102,2024-12-28 19:58:54.691364
United Nations,4.297661111111111,MN0661,2024-12-28 19:58:54.691364
Upper East Side-Carnegie Hill,6.283552037037038,MN0802,2024-12-28 19:58:54.691364
Upper East Side-Lenox Hill-Roosevelt Island,4.51639828042328,MN0801,2024-12-28 19:58:54.691364
Upper East Side-Yorkville,3.610593240740741,MN0803,2024-12-28 19:58:54.691364
Upper West Side (Central),9.195384050925925,MN0702,2024-12-28 19:58:54.691364
Upper West Side-Lincoln Square,8.709161825396826,MN0701,2024-12-28 19:58:54.691364
Upper West Side-Manhattan Valley,1.8576888888888892,MN0703,2024-12-28 19:58:54.691364
Washington Heights (North),3.3503211284722223,MN1202,2024-12-28 19:58:54.691364
Washington Heights (South),6.876196325396824,MN1201,2024-12-28 19:58:54.691364
West New Brighton-Silver Lake-Grymes Hill,3.041868739316239,SI0104,2024-12-28 19:58:54.691364
West Village,4.210770238095238,MN0203,2024-12-28 19:58:54.691364
Westerleigh-Castleton Corners,5.794644444444445,SI0105,2024-12-28 19:58:54.691364
Whitestone-Beechhurst,2.808995648148148,QN0702,2024-12-28 19:58:54.691364
Williamsburg,6.02744126984127,BK0102,2024-12-28 19:58:54.691364
Windsor Terrace-South Slope,6.300706296296297,BK0701,2024-12-28 19:58:54.691364
Woodhaven,10.167483333333333,QN0905,2024-12-28 19:58:54.691364
Woodside,24.145566666666667,QN0203,2024-12-28 19:58:54.691364
Alley Pond Park,2.1096933333333334,QN1191,2024-12-29 12:17:20.070144
Annadale-Huguenot-Prince's Bay-Woodrow,5.002808333333334,SI0304,2024-12-29 12:17:20.070144
Arden Heights-Rossville,5.0932208333333335,SI0303,2024-12-29 12:17:20.070144
Auburndale,2.834968253968254,QN1101,2024-12-29 12:17:20.070144
Baisley Park,1.1587516666666668,QN1203,2024-12-29 12:17:20.070144
Bath Beach,2.4382441666666668,BK1102,2024-12-29 12:17:20.070144
Bay Ridge,4.297829585700757,BK1001,2024-12-29 12:17:20.070144
Bay Terrace-Clearview,6.870367944444444,QN0703,2024-12-29 12:17:20.070144
Bayside,2.2565560714285717,QN1102,2024-12-29 12:17:20.070144
Bedford-Stuyvesant (East),3.915936008343508,BK0302,2024-12-29 12:17:20.070144
Bedford-Stuyvesant (West),3.4568745370370375,BK0301,2024-12-29 12:17:20.070144
Bellerose,3.6473277777777775,QN1302,2024-12-29 12:17:20.070144
Bensonhurst,2.8521791666666667,BK1101,2024-12-29 12:17:20.070144
Borough Park,4.107397083333333,BK1202,2024-12-29 12:17:20.070144
Brighton Beach,3.8004253802546657,BK1303,2024-12-29 12:17:20.070144
Brooklyn Heights,7.809266666666667,BK0201,2024-12-29 12:17:20.070144
Brooklyn Navy Yard,3.7380722222222222,BK0261,2024-12-29 12:17:20.070144
Brownsville,4.957945575396826,BK1602,2024-12-29 12:17:20.070144
Bushwick (East),3.433369166666667,BK0402,2024-12-29 12:17:20.070144
Bushwick (West),6.725834259259259,BK0401,2024-12-29 12:17:20.070144
Cambria Heights,2.0259220833333336,QN1304,2024-12-29 12:17:20.070144
Canarsie,4.898352527233116,BK1803,2024-12-29 12:17:20.070144
Canarsie Park & Pier,2.5989750000000003,BK1893,2024-12-29 12:17:20.070144
Carroll Gardens-Cobble Hill-Gowanus-Red Hook,2.1426604166666667,BK0601,2024-12-29 12:17:20.070144
Central Park,4.753732295628778,MN6491,2024-12-29 12:17:20.070144
Chelsea-Hudson Yards,2.64172514739229,MN0401,2024-12-29 12:17:20.070144
Chinatown-Two Bridges,2.981647291666667,MN0301,2024-12-29 12:17:20.070144
Clinton Hill,1.763351296296296,BK0204,2024-12-29 12:17:20.070144
Coney Island-Sea Gate,8.028591166666667,BK1302,2024-12-29 12:17:20.070144
Crown Heights (North),4.540493914141414,BK0802,2024-12-29 12:17:20.070144
Crown Heights (South),2.402319722222222,BK0901,2024-12-29 12:17:20.070144
Cypress Hills,4.845450925925927,BK0501,2024-12-29 12:17:20.070144
Douglaston-Little Neck,6.782937037037037,QN1103,2024-12-29 12:17:20.070144
Downtown Brooklyn-DUMBO-Boerum Hill,4.123057870370371,BK0202,2024-12-29 12:17:20.070144
Dyker Beach Park,2.917670833333333,BK1091,2024-12-29 12:17:20.070144
Dyker Heights,3.5365730654761904,BK1002,2024-12-29 12:17:20.070144
East Elmhurst,3.0156937499999996,QN0302,2024-12-29 12:17:20.070144
East Flatbush-Erasmus,4.217479351851852,BK1701,2024-12-29 12:17:20.070144
East Flatbush-Farragut,2.9798529629629633,BK1702,2024-12-29 12:17:20.070144
East Flatbush-Remsen Village,3.3547624936868687,BK1704,2024-12-29 12:17:20.070144
East Flatbush-Rugby,3.6485505555555555,BK1703,2024-12-29 12:17:20.070144
East Flushing,1.9190866666666668,QN0705,2024-12-29 12:17:20.070144
East Harlem (North),2.502903849206349,MN1102,2024-12-29 12:17:20.070144
East Harlem (South),3.143985763888889,MN1101,2024-12-29 12:17:20.070144
East Midtown-Turtle Bay,10.674166666666668,MN0604,2024-12-29 12:17:20.070144
East New York (North),2.946853125,BK0502,2024-12-29 12:17:20.070144
East New York-City Line,2.7989700793650796,BK0505,2024-12-29 12:17:20.070144
East New York-New Lots,2.165659861111111,BK0503,2024-12-29 12:17:20.070144
East Village,4.180926388888889,MN0303,2024-12-29 12:17:20.070144
East Williamsburg,3.292339814814815,BK0104,2024-12-29 12:17:20.070144
Elmhurst,4.449348629148629,QN0401,2024-12-29 12:17:20.070144
Financial District-Battery Park City,4.698143518518518,MN0101,2024-12-29 12:17:20.070144
Flatbush,4.837442444444445,BK1401,2024-12-29 12:17:20.070144
Flatbush (West)-Ditmas Park-Parkville,4.527419444444444,BK1402,2024-12-29 12:17:20.070144
Flatlands,3.62207970342523,BK1801,2024-12-29 12:17:20.070144
Flushing Meadows-Corona Park,1.7268708333333334,QN8191,2024-12-29 12:17:20.070144
Flushing-Willets Point,2.3020196813371814,QN0707,2024-12-29 12:17:20.070144
Forest Hills,0.08306666666666668,QN0602,2024-12-29 12:17:20.070144
Fort Greene,4.033379419191919,BK0203,2024-12-29 12:17:20.070144
Fort Hamilton,0.2761,BK1061,2024-12-29 12:17:20.070144
Fresh Meadows-Utopia,6.39141309981685,QN0803,2024-12-29 12:17:20.070144
Glen Oaks-Floral Park-New Hyde Park,2.68774,QN1301,2024-12-29 12:17:20.070144
Glendale,1.4477027777777778,QN0503,2024-12-29 12:17:20.070144
Gramercy,3.8782172453703705,MN0602,2024-12-29 12:17:20.070144
Grasmere-Arrochar-South Beach-Dongan Hills,3.9276080952380954,SI0201,2024-12-29 12:17:20.070144
Gravesend (East)-Homecrest,3.3616595521541948,BK1501,2024-12-29 12:17:20.070144
Gravesend (South),3.9187405502645505,BK1301,2024-12-29 12:17:20.070144
Gravesend (West),3.1200335200056353,BK1103,2024-12-29 12:17:20.070144
Great Kills-Eltingville,1.1387861111111113,SI0302,2024-12-29 12:17:20.070144
Green-Wood Cemetery,2.916622222222222,BK0771,2024-12-29 12:17:20.070144
Greenpoint,2.9506699999999997,BK0101,2024-12-29 12:17:20.070144
Greenwich Village,6.815276348039217,MN0202,2024-12-29 12:17:20.070144
Hamilton Heights-Sugar Hill,6.3509134325396825,MN0903,2024-12-29 12:17:20.070144
Harlem (North),4.612297474747475,MN1002,2024-12-29 12:17:20.070144
Harlem (South),5.833576434240363,MN1001,2024-12-29 12:17:20.070144
Hell's Kitchen,7.200058333333334,MN0402,2024-12-29 12:17:20.070144
Highbridge Park,2.2340791666666666,MN1291,2024-12-29 12:17:20.070144
Highland Park-Cypress Hills Cemeteries (North),3.051046296296296,QN0574,2024-12-29 12:17:20.070144
Highland Park-Cypress Hills Cemeteries (South),4.181634722222222,BK0571,2024-12-29 12:17:20.070144
Hollis,3.5387180555555555,QN1206,2024-12-29 12:17:20.070144
Inwood,4.5635763888888885,MN1203,2024-12-29 12:17:20.070144
Inwood Hill Park,8.645502777777777,MN1292,2024-12-29 12:17:20.070144
Jackson Heights,4.037100000000001,QN0301,2024-12-29 12:17:20.070144
Jamaica,2.8792895958646616,QN1201,2024-12-29 12:17:20.070144
Jamaica Estates-Holliswood,8.372786805555556,QN0804,2024-12-29 12:17:20.070144
Jamaica Hills-Briarwood,2.596001474358974,QN0805,2024-12-29 12:17:20.070144
John F. Kennedy International Airport,4.205976180555555,QN8381,2024-12-29 12:17:20.070144
Kensington,4.354743518518519,BK1203,2024-12-29 12:17:20.070144
Kew Gardens,1.699358333333333,QN0901,2024-12-29 12:17:20.070144
Kew Gardens Hills,2.672461481481481,QN0801,2024-12-29 12:17:20.070144
LaGuardia Airport,3.3574,QN8081,2024-12-29 12:17:20.070144
Laurelton,1.425162037037037,QN1305,2024-12-29 12:17:20.070144
Lincoln Terrace Park,1.6682366666666666,BK0891,2024-12-29 12:17:20.070144
Long Island City-Hunters Point,2.6553125,QN0201,2024-12-29 12:17:20.070144
Lower East Side,5.8959488888888885,MN0302,2024-12-29 12:17:20.070144
Madison,2.7645384499007934,BK1502,2024-12-29 12:17:20.070144
Manhattanville-West Harlem,7.808291919191919,MN0902,2024-12-29 12:17:20.070144
Mapleton-Midwood (West),3.159477063492064,BK1204,2024-12-29 12:17:20.070144
Marine Park-Mill Basin-Bergen Beach,3.2921740231990233,BK1802,2024-12-29 12:17:20.070144
Marine Park-Plumb Island,3.5550809523809526,BK1891,2024-12-29 12:17:20.070144
Mariner's Harbor-Arlington-Graniteville,1.6849182098765434,SI0107,2024-12-29 12:17:20.070144
Maspeth,5.3920814814814815,QN0501,2024-12-29 12:17:20.070144
Midtown South-Flatiron-Union Square,4.812045486111111,MN0501,2024-12-29 12:17:20.070144
Midtown-Times Square,3.843732473063973,MN0502,2024-12-29 12:17:20.070144
Midwood,4.296789385521886,BK1403,2024-12-29 12:17:20.070144
Morningside Heights,8.798369590964592,MN0901,2024-12-29 12:17:20.070144
Mott Haven-Port Morris,1.7295388888888887,BX0101,2024-12-29 12:17:20.070144
Mount Hebron & Cedar Grove Cemeteries,0.32627500000000004,QN0871,2024-12-29 12:17:20.070144
Murray Hill-Broadway Flushing,2.154198005050505,QN0704,2024-12-29 12:17:20.070144
Murray Hill-Kips Bay,4.4917597222222225,MN0603,2024-12-29 12:17:20.070144
New Dorp-Midland Beach,5.493747435897436,SI0202,2024-12-29 12:17:20.070144
New Springville-Willowbrook-Bulls Head-Travis,2.6118469907407404,SI0204,2024-12-29 12:17:20.070144
Oakland Gardens-Hollis Hills,4.489898541666666,QN1104,2024-12-29 12:17:20.070144
Oakwood-Richmondtown,1.7548216666666665,SI0301,2024-12-29 12:17:20.070144
Ocean Hill,4.210006840277778,BK1601,2024-12-29 12:17:20.070144
Ozone Park (North),4.904225,QN0904,2024-12-29 12:17:20.070144
Park Slope,2.938726908369408,BK0602,2024-12-29 12:17:20.070144
Pomonok-Electchester-Hillcrest,2.746673703703704,QN0802,2024-12-29 12:17:20.070144
Port Richmond,3.0260606818181817,SI0106,2024-12-29 12:17:20.070144
Prospect Heights,5.923373015873016,BK0801,2024-12-29 12:17:20.070144
Prospect Lefferts Gardens-Wingate,5.525665907407406,BK0902,2024-12-29 12:17:20.070144
Queens Village,2.334250930059524,QN1303,2024-12-29 12:17:20.070144
Queensboro Hill,3.5185885227272733,QN0706,2024-12-29 12:17:20.070144
Queensbridge-Ravenswood-Dutch Kills,7.124589743589743,QN0105,2024-12-29 12:17:20.070144
Rego Park,8.581708333333331,QN0601,2024-12-29 12:17:20.070144
Richmond Hill,2.5722453333333335,QN0902,2024-12-29 12:17:20.070144
Ridgewood,3.9538732936507937,QN0502,2024-12-29 12:17:20.070144
Rosebank-Shore Acres-Park Hill,7.573829166666666,SI0103,2024-12-29 12:17:20.070144
Rosedale,1.5540500000000002,QN1307,2024-12-29 12:17:20.070144
Sheepshead Bay-Manhattan Beach-Gerritsen Beach,6.431356557539683,BK1503,2024-12-29 12:17:20.070144
South Jamaica,1.7274152777777778,QN1202,2024-12-29 12:17:20.070144
South Williamsburg,4.923777777777778,BK0103,2024-12-29 12:17:20.070144
Springfield Gardens (North)-Rochdale Village,1.6941916666666668,QN1204,2024-12-29 12:17:20.070144
St. Albans,2.226688888888889,QN1205,2024-12-29 12:17:20.070144
St. George-New Brighton,1.1414944444444444,SI0101,2024-12-29 12:17:20.070144
Stuyvesant Town-Peter Cooper Village,6.028616666666666,MN0601,2024-12-29 12:17:20.070144
Sunnyside,3.9806479166666664,QN0202,2024-12-29 12:17:20.070144
Sunset Park (Central),4.379602592592593,BK0703,2024-12-29 12:17:20.070144
Sunset Park (East)-Borough Park (West),2.7586,BK1201,2024-12-29 12:17:20.070144
Sunset Park (West),3.2149479166666666,BK0702,2024-12-29 12:17:20.070144
Todt Hill-Emerson Hill-Lighthouse Hill-Manor Heights,5.724851840277777,SI0203,2024-12-29 12:17:20.070144
Tompkinsville-Stapleton-Clifton-Fox Hills,6.833198842592592,SI0102,2024-12-29 12:17:20.070144
Tottenville-Charleston,7.024238888888888,SI0305,2024-12-29 12:17:20.070144
Tribeca-Civic Center,6.100423214285715,MN0102,2024-12-29 12:17:20.070144
Upper East Side-Carnegie Hill,5.028801785714285,MN0802,2024-12-29 12:17:20.070144
Upper East Side-Lenox Hill-Roosevelt Island,3.596774470899471,MN0801,2024-12-29 12:17:20.070144
Upper East Side-Yorkville,2.3251125,MN0803,2024-12-29 12:17:20.070144
Upper West Side (Central),5.27319262345679,MN0702,2024-12-29 12:17:20.070144
Upper West Side-Lincoln Square,4.898512575420032,MN0701,2024-12-29 12:17:20.070144
Upper West Side-Manhattan Valley,11.461370595238094,MN0703,2024-12-29 12:17:20.070144
Washington Heights (North),3.3442571296296295,MN1202,2024-12-29 12:17:20.070144
Washington Heights (South),2.5767125396825397,MN1201,2024-12-29 12:17:20.070144
West New Brighton-Silver Lake-Grymes Hill,1.9946245679012347,SI0104,2024-12-29 12:17:20.070144
West Village,5.008320416666667,MN0203,2024-12-29 12:17:20.070144
Westerleigh-Castleton Corners,5.305432407407407,SI0105,2024-12-29 12:17:20.070144
Whitestone-Beechhurst,1.936757986111111,QN0702,2024-12-29 12:17:20.070144
Williamsburg,2.654386111111111,BK0102,2024-12-29 12:17:20.070144
Windsor Terrace-South Slope,4.385226388888889,BK0701,2024-12-29 12:17:20.070144
Woodhaven,2.950288888888889,QN0905,2024-12-29 12:17:20.070144
Woodside,2.0200541666666667,QN0203,2024-12-29 12:17:20.070144
Annadale-Huguenot-Prince's Bay-Woodrow,0.812325,SI0304,2024-12-29 12:32:02.631021
Arden Heights-Rossville,6.5508625,SI0303,2024-12-29 12:32:02.631021
Auburndale,4.126201488095238,QN1101,2024-12-29 12:32:02.631021
Bath Beach,5.995576026143791,BK1102,2024-12-29 12:32:02.631021
Bay Ridge,3.515273418803419,BK1001,2024-12-29 12:32:02.631021
Bay Terrace-Clearview,1.5758923611111113,QN0703,2024-12-29 12:32:02.631021
Bayside,3.8990263484714873,QN1102,2024-12-29 12:32:02.631021
Bedford-Stuyvesant (East),4.865765422077922,BK0302,2024-12-29 12:32:02.631021
Bedford-Stuyvesant (West),3.4487913580246916,BK0301,2024-12-29 12:32:02.631021
Bellerose,3.788198338293651,QN1302,2024-12-29 12:32:02.631021
Bensonhurst,2.3524789999999998,BK1101,2024-12-29 12:32:02.631021
Borough Park,3.7182041666666668,BK1202,2024-12-29 12:32:02.631021
Brighton Beach,4.541146439671439,BK1303,2024-12-29 12:32:02.631021
Brownsville,2.8599060714285716,BK1602,2024-12-29 12:32:02.631021
Bushwick (East),3.583326909722222,BK0402,2024-12-29 12:32:02.631021
Bushwick (West),6.39251512345679,BK0401,2024-12-29 12:32:02.631021
Cambria Heights,5.973174305555555,QN1304,2024-12-29 12:32:02.631021
Canarsie,2.3317207685185184,BK1803,2024-12-29 12:32:02.631021
Canarsie Park & Pier,3.0902833333333333,BK1893,2024-12-29 12:32:02.631021
Carroll Gardens-Cobble Hill-Gowanus-Red Hook,3.8028396825396826,BK0601,2024-12-29 12:32:02.631021
Central Park,2.5313141414141413,MN6491,2024-12-29 12:32:02.631021
Chelsea-Hudson Yards,2.0206649999999997,MN0401,2024-12-29 12:32:02.631021
Chinatown-Two Bridges,5.3190717120181406,MN0301,2024-12-29 12:32:02.631021
Clinton Hill,1.060161111111111,BK0204,2024-12-29 12:32:02.631021
College Point,6.661983333333334,QN0701,2024-12-29 12:32:02.631021
Coney Island-Sea Gate,7.041185920897285,BK1302,2024-12-29 12:32:02.631021
Corona,3.0755915123456785,QN0402,2024-12-29 12:32:02.631021
Crown Heights (North),5.028335583333333,BK0802,2024-12-29 12:32:02.631021
Crown Heights (South),2.8736663333333334,BK0901,2024-12-29 12:32:02.631021
Cunningham Park,2.2126583333333336,QN0891,2024-12-29 12:32:02.631021
Cypress Hills,7.785897222222222,BK0501,2024-12-29 12:32:02.631021
Downtown Brooklyn-DUMBO-Boerum Hill,5.2195572555766665,BK0202,2024-12-29 12:32:02.631021
Dyker Beach Park,3.8972125,BK1091,2024-12-29 12:32:02.631021
Dyker Heights,6.584903086419753,BK1002,2024-12-29 12:32:02.631021
East Flatbush-Erasmus,4.387533333333334,BK1701,2024-12-29 12:32:02.631021
East Flatbush-Farragut,5.047225,BK1702,2024-12-29 12:32:02.631021
East Flatbush-Remsen Village,3.9562651455026456,BK1704,2024-12-29 12:32:02.631021
East Flatbush-Rugby,5.528230572916667,BK1703,2024-12-29 12:32:02.631021
East Flushing,4.932671428571429,QN0705,2024-12-29 12:32:02.631021
East Harlem (North),2.9692279292929293,MN1102,2024-12-29 12:32:02.631021
East Harlem (South),4.993352845117845,MN1101,2024-12-29 12:32:02.631021
East Midtown-Turtle Bay,5.062325347222222,MN0604,2024-12-29 12:32:02.631021
East New York (North),2.6952244444444444,BK0502,2024-12-29 12:32:02.631021
East New York-City Line,3.177513888888889,BK0505,2024-12-29 12:32:02.631021
East New York-New Lots,3.239630412698413,BK0503,2024-12-29 12:32:02.631021
East Village,2.481657672619048,MN0303,2024-12-29 12:32:02.631021
East Williamsburg,3.9322631944444444,BK0104,2024-12-29 12:32:02.631021
Elmhurst,3.90848737654321,QN0401,2024-12-29 12:32:02.631021
Financial District-Battery Park City,3.5170650462962967,MN0101,2024-12-29 12:32:02.631021
Flatbush,4.100774654419655,BK1401,2024-12-29 12:32:02.631021
Flatbush (West)-Ditmas Park-Parkville,2.8885120535714286,BK1402,2024-12-29 12:32:02.631021
Flatlands,3.2841946704144624,BK1801,2024-12-29 12:32:02.631021
Flushing Meadows-Corona Park,3.1329291666666665,QN8191,2024-12-29 12:32:02.631021
Flushing-Willets Point,3.219029315476191,QN0707,2024-12-29 12:32:02.631021
Forest Hills,4.685483333333333,QN0602,2024-12-29 12:32:02.631021
Fort Greene,4.1524937500000005,BK0203,2024-12-29 12:32:02.631021
Fresh Meadows-Utopia,2.094513888888889,QN0803,2024-12-29 12:32:02.631021
Glen Oaks-Floral Park-New Hyde Park,5.708333333333333,QN1301,2024-12-29 12:32:02.631021
Glendale,4.411208888888889,QN0503,2024-12-29 12:32:02.631021
Gramercy,6.742097222222221,MN0602,2024-12-29 12:32:02.631021
Grasmere-Arrochar-South Beach-Dongan Hills,3.2220971726190477,SI0201,2024-12-29 12:32:02.631021
Gravesend (East)-Homecrest,2.0620101851851853,BK1501,2024-12-29 12:32:02.631021
Gravesend (South),3.084705158730159,BK1301,2024-12-29 12:32:02.631021
Gravesend (West),5.213453512506013,BK1103,2024-12-29 12:32:02.631021
Great Kills-Eltingville,3.3681600000000005,SI0302,2024-12-29 12:32:02.631021
Green-Wood Cemetery,1.5392125,BK0771,2024-12-29 12:32:02.631021
Greenpoint,2.340395138888889,BK0101,2024-12-29 12:32:02.631021
Greenwich Village,2.940924265873016,MN0202,2024-12-29 12:32:02.631021
Hamilton Heights-Sugar Hill,7.871866220238096,MN0903,2024-12-29 12:32:02.631021
Harlem (North),2.21737840708674,MN1002,2024-12-29 12:32:02.631021
Harlem (South),3.5472616071428575,MN1001,2024-12-29 12:32:02.631021
Hell's Kitchen,4.0354,MN0402,2024-12-29 12:32:02.631021
Highland Park-Cypress Hills Cemeteries (North),3.574841666666666,QN0574,2024-12-29 12:32:02.631021
Highland Park-Cypress Hills Cemeteries (South),2.8139458333333334,BK0571,2024-12-29 12:32:02.631021
Hollis,3.4419125000000004,QN1206,2024-12-29 12:32:02.631021
Jamaica,4.396182986801783,QN1201,2024-12-29 12:32:02.631021
Jamaica Estates-Holliswood,3.246644930555555,QN0804,2024-12-29 12:32:02.631021
Jamaica Hills-Briarwood,3.373601111111111,QN0805,2024-12-29 12:32:02.631021
John F. Kennedy International Airport,2.0438169444444445,QN8381,2024-12-29 12:32:02.631021
Kensington,2.966101111111111,BK1203,2024-12-29 12:32:02.631021
Kew Gardens,2.0483041666666666,QN0901,2024-12-29 12:32:02.631021
Kew Gardens Hills,4.7145979166666665,QN0801,2024-12-29 12:32:02.631021
Laurelton,1.1030483333333334,QN1305,2024-12-29 12:32:02.631021
Long Island City-Hunters Point,8.251808333333333,QN0201,2024-12-29 12:32:02.631021
Lower East Side,2.8699037037037036,MN0302,2024-12-29 12:32:02.631021
Madison,2.7957479166666666,BK1502,2024-12-29 12:32:02.631021
Manhattanville-West Harlem,6.812326736111112,MN0902,2024-12-29 12:32:02.631021
Mapleton-Midwood (West),3.876463492063492,BK1204,2024-12-29 12:32:02.631021
Marine Park-Mill Basin-Bergen Beach,2.339772457095374,BK1802,2024-12-29 12:32:02.631021
Marine Park-Plumb Island,2.4842999999999997,BK1891,2024-12-29 12:32:02.631021
Mariner's Harbor-Arlington-Graniteville,2.371885740740741,SI0107,2024-12-29 12:32:02.631021
Maspeth,7.049255873015873,QN0501,2024-12-29 12:32:02.631021
Middle Village Cemetery,4.307533333333333,QN0572,2024-12-29 12:32:02.631021
Midtown South-Flatiron-Union Square,2.9451340079365074,MN0501,2024-12-29 12:32:02.631021
Midtown-Times Square,4.648540452541286,MN0502,2024-12-29 12:32:02.631021
Midwood,3.3206914543789545,BK1403,2024-12-29 12:32:02.631021
Morningside Heights,7.353719568452381,MN0901,2024-12-29 12:32:02.631021
Mott Haven-Port Morris,1.2957166666666666,BX0101,2024-12-29 12:32:02.631021
Mount Hebron & Cedar Grove Cemeteries,6.13935524691358,QN0871,2024-12-29 12:32:02.631021
Mount Olivet & All Faiths Cemeteries,3.432755555555556,QN0571,2024-12-29 12:32:02.631021
Murray Hill-Broadway Flushing,2.988515357142857,QN0704,2024-12-29 12:32:02.631021
Murray Hill-Kips Bay,5.421441367521367,MN0603,2024-12-29 12:32:02.631021
New Dorp-Midland Beach,5.653846944444444,SI0202,2024-12-29 12:32:02.631021
New Springville-Willowbrook-Bulls Head-Travis,1.9884817901234568,SI0204,2024-12-29 12:32:02.631021
North Corona,1.4606166666666667,QN0303,2024-12-29 12:32:02.631021
Oakland Gardens-Hollis Hills,3.047545930059524,QN1104,2024-12-29 12:32:02.631021
Oakwood-Richmondtown,3.3907871428571426,SI0301,2024-12-29 12:32:02.631021
Ocean Hill,6.583941666666667,BK1601,2024-12-29 12:32:02.631021
Ozone Park (North),2.9907791666666665,QN0904,2024-12-29 12:32:02.631021
Park Slope,2.665250462962963,BK0602,2024-12-29 12:32:02.631021
Pomonok-Electchester-Hillcrest,2.8529329365079366,QN0802,2024-12-29 12:32:02.631021
Port Richmond,1.7481634722222221,SI0106,2024-12-29 12:32:02.631021
Prospect Heights,2.9141073809523808,BK0801,2024-12-29 12:32:02.631021
Prospect Lefferts Gardens-Wingate,4.349471527777777,BK0902,2024-12-29 12:32:02.631021
Queens Village,2.845713020833333,QN1303,2024-12-29 12:32:02.631021
Queensboro Hill,5.12820267396184,QN0706,2024-12-29 12:32:02.631021
Queensbridge-Ravenswood-Dutch Kills,7.769490909090909,QN0105,2024-12-29 12:32:02.631021
Randall's Island,2.858077777777778,MN1191,2024-12-29 12:32:02.631021
Richmond Hill,3.326922222222222,QN0902,2024-12-29 12:32:02.631021
Ridgewood,4.310448445767196,QN0502,2024-12-29 12:32:02.631021
Rosebank-Shore Acres-Park Hill,3.0948972222222224,SI0103,2024-12-29 12:32:02.631021
Rosedale,2.024336111111111,QN1307,2024-12-29 12:32:02.631021
Sheepshead Bay-Manhattan Beach-Gerritsen Beach,5.935060000000001,BK1503,2024-12-29 12:32:02.631021
Snug Harbor,6.699354166666667,SI0191,2024-12-29 12:32:02.631021
SoHo-Little Italy-Hudson Square,15.271566666666667,MN0201,2024-12-29 12:32:02.631021
South Jamaica,3.3193833333333327,QN1202,2024-12-29 12:32:02.631021
South Williamsburg,4.123761851851852,BK0103,2024-12-29 12:32:02.631021
Spring Creek-Starrett City,3.5983060185185187,BK0504,2024-12-29 12:32:02.631021
Springfield Gardens (North)-Rochdale Village,2.0263913888888885,QN1204,2024-12-29 12:32:02.631021
Springfield Gardens (South)-Brookville,2.211638888888889,QN1306,2024-12-29 12:32:02.631021
St. Albans,3.8559979166666665,QN1205,2024-12-29 12:32:02.631021
St. George-New Brighton,4.250019191919192,SI0101,2024-12-29 12:32:02.631021
Sunnyside,1.8733883333333332,QN0202,2024-12-29 12:32:02.631021
Sunset Park (Central),3.384473611111111,BK0703,2024-12-29 12:32:02.631021
Sunset Park (East)-Borough Park (West),1.9582319444444445,BK1201,2024-12-29 12:32:02.631021
Sunset Park (West),1.4999453703703705,BK0702,2024-12-29 12:32:02.631021
Todt Hill-Emerson Hill-Lighthouse Hill-Manor Heights,4.028177268518518,SI0203,2024-12-29 12:32:02.631021
Tompkinsville-Stapleton-Clifton-Fox Hills,8.538938333333332,SI0102,2024-12-29 12:32:02.631021
Tottenville-Charleston,6.5971400000000004,SI0305,2024-12-29 12:32:02.631021
Tribeca-Civic Center,5.593484467120182,MN0102,2024-12-29 12:32:02.631021
Upper East Side-Carnegie Hill,6.119609839466089,MN0802,2024-12-29 12:32:02.631021
Upper East Side-Lenox Hill-Roosevelt Island,2.6419284126984124,MN0801,2024-12-29 12:32:02.631021
Upper East Side-Yorkville,3.5195072222222223,MN0803,2024-12-29 12:32:02.631021
Upper West Side (Central),3.5385310010822506,MN0702,2024-12-29 12:32:02.631021
Upper West Side-Lincoln Square,4.855301948431685,MN0701,2024-12-29 12:32:02.631021
Upper West Side-Manhattan Valley,5.115997274187452,MN0703,2024-12-29 12:32:02.631021
Washington Heights (North),2.20949,MN1202,2024-12-29 12:32:02.631021
Washington Heights (South),4.982803120265152,MN1201,2024-12-29 12:32:02.631021
West New Brighton-Silver Lake-Grymes Hill,2.202284318181818,SI0104,2024-12-29 12:32:02.631021
West Village,3.762692261904762,MN0203,2024-12-29 12:32:02.631021
Westerleigh-Castleton Corners,2.1197822916666667,SI0105,2024-12-29 12:32:02.631021
Whitestone-Beechhurst,1.0323814814814816,QN0702,2024-12-29 12:32:02.631021
Williamsburg,4.922340944444445,BK0102,2024-12-29 12:32:02.631021
Windsor Terrace-South Slope,3.8611134259259257,BK0701,2024-12-29 12:32:02.631021
Woodhaven,11.76711388888889,QN0905,2024-12-29 12:32:02.631021
Woodside,2.2408766666666664,QN0203,2024-12-29 12:32:02.631021
Arden Heights-Rossville,5.175116666666667,SI0303,2024-12-29 12:33:28.588069
Bay Ridge,4.614913888888888,BK1001,2024-12-29 12:33:28.588069
Bay Terrace-Clearview,2.1718833333333336,QN0703,2024-12-29 12:33:28.588069
Bedford-Stuyvesant (East),1.9790154166666667,BK0302,2024-12-29 12:33:28.588069
Bedford-Stuyvesant (West),4.8401,BK0301,2024-12-29 12:33:28.588069
Bensonhurst,1.6973666666666665,BK1101,2024-12-29 12:33:28.588069
Borough Park,0.8340916666666667,BK1202,2024-12-29 12:33:28.588069
Brighton Beach,4.436886363636364,BK1303,2024-12-29 12:33:28.588069
Brooklyn Heights,3.5840916666666667,BK0201,2024-12-29 12:33:28.588069
Bushwick (East),10.241549999999998,BK0402,2024-12-29 12:33:28.588069
Canarsie,3.5487513888888893,BK1803,2024-12-29 12:33:28.588069
Clinton Hill,1.020163888888889,BK0204,2024-12-29 12:33:28.588069
Coney Island-Sea Gate,5.913885277777777,BK1302,2024-12-29 12:33:28.588069
Crown Heights (North),6.305197619047618,BK0802,2024-12-29 12:33:28.588069
Dyker Heights,4.3425722222222225,BK1002,2024-12-29 12:33:28.588069
East Flatbush-Erasmus,4.483041666666667,BK1701,2024-12-29 12:33:28.588069
East Flatbush-Rugby,6.9057,BK1703,2024-12-29 12:33:28.588069
East Harlem (South),0.8173490740740741,MN1101,2024-12-29 12:33:28.588069
East Midtown-Turtle Bay,9.960700000000001,MN0604,2024-12-29 12:33:28.588069
East New York (North),2.837483333333333,BK0502,2024-12-29 12:33:28.588069
East New York-City Line,3.7031555555555555,BK0505,2024-12-29 12:33:28.588069
East New York-New Lots,4.01065,BK0503,2024-12-29 12:33:28.588069
East Village,0.40675,MN0303,2024-12-29 12:33:28.588069
East Williamsburg,1.0643666666666667,BK0104,2024-12-29 12:33:28.588069
Elmhurst,3.737564880952381,QN0401,2024-12-29 12:33:28.588069
Financial District-Battery Park City,0.9076333333333333,MN0101,2024-12-29 12:33:28.588069
Flatbush,2.9240880952380954,BK1401,2024-12-29 12:33:28.588069
Flatlands,3.209099537037037,BK1801,2024-12-29 12:33:28.588069
Flushing-Willets Point,3.2151254901960784,QN0707,2024-12-29 12:33:28.588069
Fort Greene,5.705033333333334,BK0203,2024-12-29 12:33:28.588069
Glendale,3.6309388888888887,QN0503,2024-12-29 12:33:28.588069
Grasmere-Arrochar-South Beach-Dongan Hills,2.1132666666666666,SI0201,2024-12-29 12:33:28.588069
Gravesend (South),8.0351625,BK1301,2024-12-29 12:33:28.588069
Gravesend (West),0.04319666666666667,BK1103,2024-12-29 12:33:28.588069
Greenpoint,0.6437833333333334,BK0101,2024-12-29 12:33:28.588069
Harlem (North),2.267261111111111,MN1002,2024-12-29 12:33:28.588069
Hell's Kitchen,7.923144444444444,MN0402,2024-12-29 12:33:28.588069
Highland Park-Cypress Hills Cemeteries (North),2.2962666666666665,QN0574,2024-12-29 12:33:28.588069
Jamaica,1.9653595238095238,QN1201,2024-12-29 12:33:28.588069
Jamaica Estates-Holliswood,9.895837499999999,QN0804,2024-12-29 12:33:28.588069
John F. Kennedy International Airport,0.8659055555555556,QN8381,2024-12-29 12:33:28.588069
Kensington,1.3227222222222224,BK1203,2024-12-29 12:33:28.588069
Kew Gardens Hills,4.342541666666667,QN0801,2024-12-29 12:33:28.588069
Laurelton,2.8008722222222224,QN1305,2024-12-29 12:33:28.588069
Midtown South-Flatiron-Union Square,0.007861111111111112,MN0501,2024-12-29 12:33:28.588069
Midwood,4.789465277777778,BK1403,2024-12-29 12:33:28.588069
Mott Haven-Port Morris,1.6058625,BX0101,2024-12-29 12:33:28.588069
Murray Hill-Broadway Flushing,1.6134249999999999,QN0704,2024-12-29 12:33:28.588069
New Dorp-Midland Beach,10.69395,SI0202,2024-12-29 12:33:28.588069
New Springville-Willowbrook-Bulls Head-Travis,1.5108000000000001,SI0204,2024-12-29 12:33:28.588069
Port Richmond,0.6676083333333334,SI0106,2024-12-29 12:33:28.588069
Prospect Lefferts Gardens-Wingate,4.297933333333333,BK0902,2024-12-29 12:33:28.588069
Queens Village,3.2661888888888897,QN1303,2024-12-29 12:33:28.588069
Queensboro Hill,6.151764166666668,QN0706,2024-12-29 12:33:28.588069
Sheepshead Bay-Manhattan Beach-Gerritsen Beach,6.0926,BK1503,2024-12-29 12:33:28.588069
Spring Creek-Starrett City,2.4206277777777774,BK0504,2024-12-29 12:33:28.588069
Springfield Gardens (South)-Brookville,3.486044444444444,QN1306,2024-12-29 12:33:28.588069
St. Albans,6.05782962962963,QN1205,2024-12-29 12:33:28.588069
St. George-New Brighton,5.91965,SI0101,2024-12-29 12:33:28.588069
Stuyvesant Town-Peter Cooper Village,6.359705555555554,MN0601,2024-12-29 12:33:28.588069
Sunnyside,7.139953703703703,QN0202,2024-12-29 12:33:28.588069
Sunset Park (Central),3.915044444444445,BK0703,2024-12-29 12:33:28.588069
Tompkinsville-Stapleton-Clifton-Fox Hills,7.888466666666667,SI0102,2024-12-29 12:33:28.588069
Tottenville-Charleston,7.576922222222221,SI0305,2024-12-29 12:33:28.588069
Upper West Side (Central),2.877848148148148,MN0702,2024-12-29 12:33:28.588069
Upper West Side-Lincoln Square,1.3812125,MN0701,2024-12-29 12:33:28.588069
West New Brighton-Silver Lake-Grymes Hill,1.7057555555555552,SI0104,2024-12-29 12:33:28.588069
Whitestone-Beechhurst,2.3659833333333333,QN0702,2024-12-29 12:33:28.588069
Woodhaven,13.76732777777778,QN0905,2024-12-29 12:33:28.588069
Auburndale,3.6858750000000002,QN1101,2024-12-29 12:34:07.321837
Bay Ridge,3.5577916666666667,BK1001,2024-12-29 12:34:07.321837
Bayside,3.2557440972222227,QN1102,2024-12-29 12:34:07.321837
Bedford-Stuyvesant (East),9.543569047619046,BK0302,2024-12-29 12:34:07.321837
Bedford-Stuyvesant (West),3.567570833333334,BK0301,2024-12-29 12:34:07.321837
Bensonhurst,3.475204166666667,BK1101,2024-12-29 12:34:07.321837
Borough Park,3.18675,BK1202,2024-12-29 12:34:07.321837
Brighton Beach,2.6553476190476197,BK1303,2024-12-29 12:34:07.321837
Bushwick (West),3.881408333333334,BK0401,2024-12-29 12:34:07.321837
Coney Island-Sea Gate,5.514219907407408,BK1302,2024-12-29 12:34:07.321837
Corona,2.7701638888888893,QN0402,2024-12-29 12:34:07.321837
Crown Heights (South),3.6824416666666666,BK0901,2024-12-29 12:34:07.321837
Dyker Heights,2.04765,BK1002,2024-12-29 12:34:07.321837
East Flatbush-Rugby,3.686394444444444,BK1703,2024-12-29 12:34:07.321837
East Harlem (South),1.1881277777777777,MN1101,2024-12-29 12:34:07.321837
East New York (North),8.841116666666666,BK0502,2024-12-29 12:34:07.321837
East New York-New Lots,5.464158333333334,BK0503,2024-12-29 12:34:07.321837
East Williamsburg,5.991839285714286,BK0104,2024-12-29 12:34:07.321837
Elmhurst,3.4987392857142856,QN0401,2024-12-29 12:34:07.321837
Flatlands,5.135342063492065,BK1801,2024-12-29 12:34:07.321837
Fort Greene,7.164366666666667,BK0203,2024-12-29 12:34:07.321837
Glen Oaks-Floral Park-New Hyde Park,2.1977592592592594,QN1301,2024-12-29 12:34:07.321837
Glendale,1.2819833333333333,QN0503,2024-12-29 12:34:07.321837
Grasmere-Arrochar-South Beach-Dongan Hills,1.8285466666666665,SI0201,2024-12-29 12:34:07.321837
Gravesend (South),8.461679166666666,BK1301,2024-12-29 12:34:07.321837
Gravesend (West),1.5546515993265995,BK1103,2024-12-29 12:34:07.321837
Great Kills-Eltingville,2.9420833333333336,SI0302,2024-12-29 12:34:07.321837
Greenwich Village,6.029844444444445,MN0202,2024-12-29 12:34:07.321837
Harlem (North),3.99385,MN1002,2024-12-29 12:34:07.321837
Highbridge Park,3.92185,MN1291,2024-12-29 12:34:07.321837
Jamaica,2.682727777777778,QN1201,2024-12-29 12:34:07.321837
Jamaica Estates-Holliswood,3.787197619047619,QN0804,2024-12-29 12:34:07.321837
Kensington,3.4231566666666664,BK1203,2024-12-29 12:34:07.321837
Lower East Side,0.8298111111111112,MN0302,2024-12-29 12:34:07.321837
Madison,2.2954781746031747,BK1502,2024-12-29 12:34:07.321837
Marine Park-Mill Basin-Bergen Beach,1.6407937499999998,BK1802,2024-12-29 12:34:07.321837
Maspeth,5.362555555555556,QN0501,2024-12-29 12:34:07.321837
Middle Village,4.4829,QN0504,2024-12-29 12:34:07.321837
Midtown-Times Square,9.330891666666666,MN0502,2024-12-29 12:34:07.321837
Midwood,4.798355555555555,BK1403,2024-12-29 12:34:07.321837
Murray Hill-Broadway Flushing,2.9500583333333332,QN0704,2024-12-29 12:34:07.321837
New Dorp-Midland Beach,2.2013666666666665,SI0202,2024-12-29 12:34:07.321837
Ocean Hill,5.3656375,BK1601,2024-12-29 12:34:07.321837
Port Richmond,0.8999595238095238,SI0106,2024-12-29 12:34:07.321837
Ridgewood,6.271144444444445,QN0502,2024-12-29 12:34:07.321837
SoHo-Little Italy-Hudson Square,8.248791666666667,MN0201,2024-12-29 12:34:07.321837
South Williamsburg,2.957527083333333,BK0103,2024-12-29 12:34:07.321837
St. Albans,3.433576388888889,QN1205,2024-12-29 12:34:07.321837
Sunset Park (Central),4.226187499999999,BK0703,2024-12-29 12:34:07.321837
Sunset Park (East)-Borough Park (West),3.935619444444445,BK1201,2024-12-29 12:34:07.321837
Todt Hill-Emerson Hill-Lighthouse Hill-Manor Heights,5.651166666666667,SI0203,2024-12-29 12:34:07.321837
Tompkinsville-Stapleton-Clifton-Fox Hills,7.325925000000001,SI0102,2024-12-29 12:34:07.321837
Tottenville-Charleston,9.671583333333333,SI0305,2024-12-29 12:34:07.321837
Upper East Side-Carnegie Hill,5.930934212454212,MN0802,2024-12-29 12:34:07.321837
Upper East Side-Lenox Hill-Roosevelt Island,3.108144444444445,MN0801,2024-12-29 12:34:07.321837
Upper West Side (Central),3.227094047619048,MN0702,2024-12-29 12:34:07.321837
Upper West Side-Manhattan Valley,2.702629166666666,MN0703,2024-12-29 12:34:07.321837
West New Brighton-Silver Lake-Grymes Hill,1.0912347222222223,SI0104,2024-12-29 12:34:07.321837
Westerleigh-Castleton Corners,1.6324333333333332,SI0105,2024-12-29 12:34:07.321837
Whitestone-Beechhurst,0.9968777777777778,QN0702,2024-12-29 12:34:07.321837
Annadale-Huguenot-Prince's Bay-Woodrow,12.918866666666668,SI0304,2024-12-29 12:38:39.428076
Auburndale,3.284930555555556,QN1101,2024-12-29 12:38:39.428076
Bay Ridge,3.7975389756944447,BK1001,2024-12-29 12:38:39.428076
Bay Terrace-Clearview,1.2634355555555554,QN0703,2024-12-29 12:38:39.428076
Bayside,1.336232175925926,QN1102,2024-12-29 12:38:39.428076
Bedford-Stuyvesant (East),3.7830817708333333,BK0302,2024-12-29 12:38:39.428076
Bedford-Stuyvesant (West),2.8586948824786327,BK0301,2024-12-29 12:38:39.428076
Bellerose,3.765760863095238,QN1302,2024-12-29 12:38:39.428076
Bensonhurst,3.073876041666667,BK1101,2024-12-29 12:38:39.428076
Borough Park,3.749253703703704,BK1202,2024-12-29 12:38:39.428076
Brighton Beach,3.028810256410256,BK1303,2024-12-29 12:38:39.428076
Brownsville,2.4598285714285715,BK1602,2024-12-29 12:38:39.428076
Bushwick (East),6.1986823809523806,BK0402,2024-12-29 12:38:39.428076
Bushwick (West),8.970536805555554,BK0401,2024-12-29 12:38:39.428076
Cambria Heights,5.901125555555556,QN1304,2024-12-29 12:38:39.428076
Canarsie,3.772223713151927,BK1803,2024-12-29 12:38:39.428076
Carroll Gardens-Cobble Hill-Gowanus-Red Hook,5.4088449999999995,BK0601,2024-12-29 12:38:39.428076
Central Park,3.742907915204678,MN6491,2024-12-29 12:38:39.428076
Chelsea-Hudson Yards,3.1056591666666664,MN0401,2024-12-29 12:38:39.428076
Chinatown-Two Bridges,4.895721130952381,MN0301,2024-12-29 12:38:39.428076
Clinton Hill,5.274408333333334,BK0204,2024-12-29 12:38:39.428076
College Point,2.992286111111111,QN0701,2024-12-29 12:38:39.428076
Coney Island-Sea Gate,14.423403055555555,BK1302,2024-12-29 12:38:39.428076
Crown Heights (North),5.585509401709402,BK0802,2024-12-29 12:38:39.428076
Crown Heights (South),5.035896913580246,BK0901,2024-12-29 12:38:39.428076
Cunningham Park,3.5340249999999997,QN0891,2024-12-29 12:38:39.428076
Cypress Hills,1.8445488636363636,BK0501,2024-12-29 12:38:39.428076
Douglaston-Little Neck,2.5660033333333336,QN1103,2024-12-29 12:38:39.428076
Downtown Brooklyn-DUMBO-Boerum Hill,3.5985244485294117,BK0202,2024-12-29 12:38:39.428076
Dyker Heights,3.6853713888888886,BK1002,2024-12-29 12:38:39.428076
East Flatbush-Erasmus,2.7543833333333336,BK1701,2024-12-29 12:38:39.428076
East Flatbush-Farragut,2.714459722222222,BK1702,2024-12-29 12:38:39.428076
East Flatbush-Remsen Village,2.5101483796296296,BK1704,2024-12-29 12:38:39.428076
East Flatbush-Rugby,3.260852777777778,BK1703,2024-12-29 12:38:39.428076
East Flushing,3.6656891534391534,QN0705,2024-12-29 12:38:39.428076
East Harlem (North),3.381105833333333,MN1102,2024-12-29 12:38:39.428076
East Harlem (South),3.58699375,MN1101,2024-12-29 12:38:39.428076
East Midtown-Turtle Bay,2.4042458333333334,MN0604,2024-12-29 12:38:39.428076
East New York (North),2.6938513888888895,BK0502,2024-12-29 12:38:39.428076
East New York-City Line,6.292801388888889,BK0505,2024-12-29 12:38:39.428076
East New York-New Lots,4.140915277777777,BK0503,2024-12-29 12:38:39.428076
East Village,3.703716507936508,MN0303,2024-12-29 12:38:39.428076
East Williamsburg,5.1893013888888895,BK0104,2024-12-29 12:38:39.428076
Elmhurst,4.345035416666667,QN0401,2024-12-29 12:38:39.428076
Financial District-Battery Park City,3.0730799999999996,MN0101,2024-12-29 12:38:39.428076
Flatbush,3.16071216931217,BK1401,2024-12-29 12:38:39.428076
Flatbush (West)-Ditmas Park-Parkville,3.710383333333333,BK1402,2024-12-29 12:38:39.428076
Flatlands,5.416301419753086,BK1801,2024-12-29 12:38:39.428076
Flushing Meadows-Corona Park,3.663483333333333,QN8191,2024-12-29 12:38:39.428076
Flushing-Willets Point,3.9432865891053392,QN0707,2024-12-29 12:38:39.428076
Forest Hills,3.3488124999999997,QN0602,2024-12-29 12:38:39.428076
Forest Park,4.331055555555555,QN8291,2024-12-29 12:38:39.428076
Fort Greene,3.831391157407407,BK0203,2024-12-29 12:38:39.428076
Fort Totten,3.6276638888888892,QN0761,2024-12-29 12:38:39.428076
Fort Wadsworth,2.5566,SI9561,2024-12-29 12:38:39.428076
Fresh Meadows-Utopia,2.518734444444444,QN0803,2024-12-29 12:38:39.428076
Freshkills Park (South),4.035722499999999,SI0391,2024-12-29 12:38:39.428076
Glendale,2.963191666666667,QN0503,2024-12-29 12:38:39.428076
Gramercy,3.10431949002849,MN0602,2024-12-29 12:38:39.428076
Grasmere-Arrochar-South Beach-Dongan Hills,3.151973090277778,SI0201,2024-12-29 12:38:39.428076
Gravesend (East)-Homecrest,11.9428125,BK1501,2024-12-29 12:38:39.428076
Gravesend (South),6.36006388888889,BK1301,2024-12-29 12:38:39.428076
Gravesend (West),5.010451190476191,BK1103,2024-12-29 12:38:39.428076
Great Kills-Eltingville,3.275491666666667,SI0302,2024-12-29 12:38:39.428076
Greenpoint,2.490665046296296,BK0101,2024-12-29 12:38:39.428076
Greenwich Village,3.0047516666666665,MN0202,2024-12-29 12:38:39.428076
Hamilton Heights-Sugar Hill,3.639595833333333,MN0903,2024-12-29 12:38:39.428076
Harlem (North),3.906860416666667,MN1002,2024-12-29 12:38:39.428076
Harlem (South),1.9637354166666667,MN1001,2024-12-29 12:38:39.428076
Highland Park-Cypress Hills Cemeteries (North),4.806305555555556,QN0574,2024-12-29 12:38:39.428076
Hollis,0.8134324999999999,QN1206,2024-12-29 12:38:39.428076
Howard Beach-Lindenwood,0.921775,QN1003,2024-12-29 12:38:39.428076
Inwood,1.9094822222222223,MN1203,2024-12-29 12:38:39.428076
Jamaica,5.6772930357142855,QN1201,2024-12-29 12:38:39.428076
Jamaica Hills-Briarwood,6.435002777777778,QN0805,2024-12-29 12:38:39.428076
Kew Gardens,2.152772222222222,QN0901,2024-12-29 12:38:39.428076
Kew Gardens Hills,5.575931303418804,QN0801,2024-12-29 12:38:39.428076
Laurelton,1.55565,QN1305,2024-12-29 12:38:39.428076
Madison,5.144185,BK1502,2024-12-29 12:38:39.428076
Manhattanville-West Harlem,12.496855208333333,MN0902,2024-12-29 12:38:39.428076
Mapleton-Midwood (West),1.7861916666666666,BK1204,2024-12-29 12:38:39.428076
Marine Park-Mill Basin-Bergen Beach,3.7109310515873015,BK1802,2024-12-29 12:38:39.428076
Marine Park-Plumb Island,1.4735,BK1891,2024-12-29 12:38:39.428076
Mariner's Harbor-Arlington-Graniteville,2.2593229166666666,SI0107,2024-12-29 12:38:39.428076
Maspeth,5.02975,QN0501,2024-12-29 12:38:39.428076
Middle Village,4.179488888888889,QN0504,2024-12-29 12:38:39.428076
Midtown-Times Square,4.377186636752137,MN0502,2024-12-29 12:38:39.428076
Midwood,3.6799220740740735,BK1403,2024-12-29 12:38:39.428076
Morningside Heights,13.123112142255893,MN0901,2024-12-29 12:38:39.428076
Mott Haven-Port Morris,1.2236666666666667,BX0101,2024-12-29 12:38:39.428076
Murray Hill-Broadway Flushing,1.7954333333333332,QN0704,2024-12-29 12:38:39.428076
Murray Hill-Kips Bay,6.871022916666666,MN0603,2024-12-29 12:38:39.428076
New Dorp-Midland Beach,6.590749305555555,SI0202,2024-12-29 12:38:39.428076
New Springville-Willowbrook-Bulls Head-Travis,2.019925,SI0204,2024-12-29 12:38:39.428076
Oakland Gardens-Hollis Hills,2.230219230769231,QN1104,2024-12-29 12:38:39.428076
Oakwood-Richmondtown,1.4338333333333333,SI0301,2024-12-29 12:38:39.428076
Ocean Hill,11.583350000000001,BK1601,2024-12-29 12:38:39.428076
Park Slope,3.844327256944444,BK0602,2024-12-29 12:38:39.428076
Port Richmond,2.706166555555556,SI0106,2024-12-29 12:38:39.428076
Prospect Lefferts Gardens-Wingate,3.7672832010582016,BK0902,2024-12-29 12:38:39.428076
Prospect Park,7.978036111111111,BK5591,2024-12-29 12:38:39.428076
Queens Village,1.5430857142857144,QN1303,2024-12-29 12:38:39.428076
Queensboro Hill,6.306597685185185,QN0706,2024-12-29 12:38:39.428076
Richmond Hill,5.327191666666667,QN0902,2024-12-29 12:38:39.428076
Ridgewood,3.965514857142857,QN0502,2024-12-29 12:38:39.428076
Rosebank-Shore Acres-Park Hill,1.7186374999999998,SI0103,2024-12-29 12:38:39.428076
Rosedale,4.9392499999999995,QN1307,2024-12-29 12:38:39.428076
Sheepshead Bay-Manhattan Beach-Gerritsen Beach,6.083639252645502,BK1503,2024-12-29 12:38:39.428076
SoHo-Little Italy-Hudson Square,6.001631666666667,MN0201,2024-12-29 12:38:39.428076
South Richmond Hill,5.850888888888889,QN0903,2024-12-29 12:38:39.428076
South Williamsburg,4.112983333333333,BK0103,2024-12-29 12:38:39.428076
Spring Creek-Starrett City,4.224614136904762,BK0504,2024-12-29 12:38:39.428076
Springfield Gardens (North)-Rochdale Village,4.047651694444445,QN1204,2024-12-29 12:38:39.428076
Springfield Gardens (South)-Brookville,1.5145083333333333,QN1306,2024-12-29 12:38:39.428076
St. Albans,3.1278575,QN1205,2024-12-29 12:38:39.428076
St. George-New Brighton,3.434529292929293,SI0101,2024-12-29 12:38:39.428076
Sunnyside,1.0483666666666667,QN0202,2024-12-29 12:38:39.428076
Sunset Park (Central),4.2022916666666665,BK0703,2024-12-29 12:38:39.428076
Sunset Park (East)-Borough Park (West),3.821453472222222,BK1201,2024-12-29 12:38:39.428076
Sunset Park (West),5.706008111111112,BK0702,2024-12-29 12:38:39.428076
Todt Hill-Emerson Hill-Lighthouse Hill-Manor Heights,3.920370595238095,SI0203,2024-12-29 12:38:39.428076
Tompkinsville-Stapleton-Clifton-Fox Hills,4.290587459935898,SI0102,2024-12-29 12:38:39.428076
Tribeca-Civic Center,1.1380333333333332,MN0102,2024-12-29 12:38:39.428076
Upper East Side-Carnegie Hill,4.038084077380953,MN0802,2024-12-29 12:38:39.428076
Upper East Side-Lenox Hill-Roosevelt Island,2.524147291666667,MN0801,2024-12-29 12:38:39.428076
Upper East Side-Yorkville,2.0540887037037034,MN0803,2024-12-29 12:38:39.428076
Upper West Side (Central),4.417377215608465,MN0702,2024-12-29 12:38:39.428076
Upper West Side-Lincoln Square,4.684080753968254,MN0701,2024-12-29 12:38:39.428076
Upper West Side-Manhattan Valley,5.864199074074075,MN0703,2024-12-29 12:38:39.428076
Washington Heights (North),10.560502606060606,MN1202,2024-12-29 12:38:39.428076
Washington Heights (South),7.245855291005292,MN1201,2024-12-29 12:38:39.428076
West New Brighton-Silver Lake-Grymes Hill,3.072578611111111,SI0104,2024-12-29 12:38:39.428076
Westerleigh-Castleton Corners,0.9865499999999998,SI0105,2024-12-29 12:38:39.428076
Whitestone-Beechhurst,1.0391833333333333,QN0702,2024-12-29 12:38:39.428076
Williamsburg,1.0647633333333335,BK0102,2024-12-29 12:38:39.428076
Woodhaven,6.373633333333333,QN0905,2024-12-29 12:38:39.428076
Woodside,2.6391,QN0203,2024-12-29 12:38:39.428076
Auburndale,2.6561742063492066,QN1101,2024-12-29 12:40:54.020606
Bedford-Stuyvesant (East),1.06855,BK0302,2024-12-29 12:40:54.020606
Bedford-Stuyvesant (West),3.9926041666666667,BK0301,2024-12-29 12:40:54.020606
Bensonhurst,12.48705,BK1101,2024-12-29 12:40:54.020606
Brooklyn Heights,0.44200833333333334,BK0201,2024-12-29 12:40:54.020606
Brownsville,8.369308333333333,BK1602,2024-12-29 12:40:54.020606
Bushwick (West),5.621810353535353,BK0401,2024-12-29 12:40:54.020606
Central Park,1.8866900000000002,MN6491,2024-12-29 12:40:54.020606
Coney Island-Sea Gate,6.545274074074074,BK1302,2024-12-29 12:40:54.020606
East Flatbush-Remsen Village,5.1761125,BK1704,2024-12-29 12:40:54.020606
East Flatbush-Rugby,4.5972388888888895,BK1703,2024-12-29 12:40:54.020606
East New York (North),1.7745111111111112,BK0502,2024-12-29 12:40:54.020606
East New York-City Line,6.079008333333333,BK0505,2024-12-29 12:40:54.020606
East Village,3.995120751633987,MN0303,2024-12-29 12:40:54.020606
East Williamsburg,7.173711111111111,BK0104,2024-12-29 12:40:54.020606
Flatbush,9.859975,BK1401,2024-12-29 12:40:54.020606
Grasmere-Arrochar-South Beach-Dongan Hills,0.4908,SI0201,2024-12-29 12:40:54.020606
Harlem (North),0.8152666666666667,MN1002,2024-12-29 12:40:54.020606
Manhattanville-West Harlem,7.639175,MN0902,2024-12-29 12:40:54.020606
Mapleton-Midwood (West),5.077479166666667,BK1204,2024-12-29 12:40:54.020606
Middle Village,4.858616666666666,QN0504,2024-12-29 12:40:54.020606
Morningside Heights,10.676122222222224,MN0901,2024-12-29 12:40:54.020606
Port Richmond,4.093858333333333,SI0106,2024-12-29 12:40:54.020606
Queens Village,1.8962583333333334,QN1303,2024-12-29 12:40:54.020606
Queensboro Hill,2.6794888888888893,QN0706,2024-12-29 12:40:54.020606
Sheepshead Bay-Manhattan Beach-Gerritsen Beach,4.4348875,BK1503,2024-12-29 12:40:54.020606
Springfield Gardens (North)-Rochdale Village,2.6910333333333334,QN1204,2024-12-29 12:40:54.020606
Sunset Park (Central),4.6062916666666665,BK0703,2024-12-29 12:40:54.020606
Sunset Park (West),2.4009708333333335,BK0702,2024-12-29 12:40:54.020606
Todt Hill-Emerson Hill-Lighthouse Hill-Manor Heights,0.8927999999999999,SI0203,2024-12-29 12:40:54.020606
Tompkinsville-Stapleton-Clifton-Fox Hills,1.3211249999999999,SI0102,2024-12-29 12:40:54.020606
Upper East Side-Carnegie Hill,5.252993055555556,MN0802,2024-12-29 12:40:54.020606
Upper East Side-Lenox Hill-Roosevelt Island,3.3940208333333337,MN0801,2024-12-29 12:40:54.020606
Upper West Side-Lincoln Square,0.47349444444444444,MN0701,2024-12-29 12:40:54.020606
West New Brighton-Silver Lake-Grymes Hill,3.03855,SI0104,2024-12-29 12:40:54.020606
Westerleigh-Castleton Corners,0.35946111111111106,SI0105,2024-12-29 12:40:54.020606
Whitestone-Beechhurst,4.130316666666666,QN0702,2024-12-29 12:40:54.020606
